AAAAATGCAT	I221S-AGC-1
AAAACTACTT	A16K-AAG-1
AAAACTCAGC	K266F-TTC-1
AAAACTGACT	A16Y-TAC-1
AAAACTTTAA	A16W-TGG-1
AAAATCGACT	S136W-TGG-1
AAAATGATAG	K68R-AGA-1
AAACAAAAAA	F112P-CCC-1
AAACCAATAT	S200F-TTC-1
AAAGAATAAC	N4K-AAG-1
AAAGAGCGCA	K72Q-CAG-1
AAAGCATACC	R246P-CCC-1
AAAGCGCAAC	I177S-AGC-1
AAAGCTATTA	L250S-AGC-1
AAATAAGCGC	A16D-GAC-1
AAATAGACGA	L141I-ATC-1
AAATCACTCC	N152R-AGA-1
AAATCAGCTA	V116I-ATC-1
AAATCCAGCA	Q174E-GAG-1
AAATCCCACG	Y322S-AGC-1
AAATCCGACA	F317Y-TAC-1
AAATCGTCAC	T42N-AAC-1
AAATGAGATG	L141D-GAC-1
AAATTTGCAG	I221F-TTC-1
AACAATGTCT	F219T-ACC-1
AACACAAGTG	G188S-AGC-1
AACACCTATC	T42S-AGC-1
AACAGTTCTA	K266S-AGC-1
AACATAAATC	N4F-TTC-1
AACATAACGT	K266E-GAG-1
AACATGGTAA	V116C-TGC-1
AACGAACAAG	L85N-AAC-1
AACGATCCCA	S136A-GCC-1
AACGCTACGG	D318L-CTG-1
AACGTATCTA	I165F-TTC-1
AACGTTCAGC	I221A-GCC-1
AACTACATGT	F271P-CCC-1
AACTACGTCC	F317Q-CAG-1
AACTAGTCTA	L92V-GTG-1
AACTCAACAA	L85R-AGA-1
AACTCTTAGG	T84S-AGC-1
AACTGTCCAT	D318E-GAG-1
AACTTATACA	M132Q-CAG-1
AAGAAATACA	A148Y-TAC-1
AAGAAGCAAA	R246Q-CAG-1
AAGACAACGA	A16K-AAG-1
AAGATTCATC	L250H-CAC-1
AAGCACGGCA	Y322N-AAC-1
AAGCAGCGGA	I221K-AAG-1
AAGCTGACGT	H242V-GTG-1
AAGGACGTAA	F317Y-TAC-1
AAGGAGGCCA	N152G-GGC-1
AAGGGGCCTG	A208E-GAG-1
AAGGTCTCAA	T42I-ATC-1
AAGGTGGGTA	T42A-GCC-1
AAGTCATAAG	K36V-GTG-1
AATAAGCGAG	L92K-AAG-1
AATAGAAAGA	L262G-GGC-1
AATAGAGATA	L285N-AAC-1
AATATTGAAA	G188S-AGC-1
AATCCACAAC	K232Q-CAG-1
AATCCCGCAT	Y322A-GCC-1
AATCGCAATA	T32D-GAC-1
AATCTACCTC	N4H-CAC-1
AATCTTATAT	F44N-AAC-1
AATCTTCACT	T32K-AAG-1
AATGCTCTGC	I168M-ATG-1
AATGTGCGAA	R246A-GCC-1
AATGTGTTTG	E156D-GAC-1
AATTAAACTG	I24V-GTG-1
AATTAATTTA	T42V-GTG-1
AATTACTATA	S136Y-TAC-1
AATTATGTTC	N4S-AGC-1
AATTCATTTA	N152S-AGC-1
AATTCGTTAT	M226E-GAG-1
AATTCTACAA	T32A-GCC-1
AATTGAAGGT	N12H-CAC-1
AATTGCGAGT	A148N-AAC-1
AATTTTACTT	L92N-AAC-1
AATTTTCAGA	L85F-TTC-1
AATTTTGCGA	I168N-AAC-1
AATTTTTCAC	T42I-ATC-1
ACAAATATAA	F317G-GGC-1
ACAACTCTAC	E156S-AGC-1
ACAATAATTT	I168Q-CAG-1
ACAATATCAC	L141A-GCC-1
ACAATTAAGT	T84C-TGC-1
ACACAAAGAG	L120W-TGG-1
ACACGCTATA	F44S-AGC-1
ACAGATAGCA	I168K-AAG-1
ACAGCATACT	F44N-AAC-1
ACAGCGGAAC	L28F-TTC-1
ACAGGCTGTA	A16D-GAC-1
ACAGGGAATA	A208R-AGA-1
ACAGTACCCT	N230T-ACC-1
ACAGTACGAT	K266N-AAC-1
ACAGTCACGC	D318E-GAG-1
ACAGTGTAAA	S20R-AGA-1
ACATACGCCA	D318H-CAC-1
ACATACGTTA	I165C-TGC-1
ACATATAGAC	K266C-TGC-1
ACATGCCCAA	S20H-CAC-1
ACATTAACTA	Q174Y-TAC-1
ACATTTTCAC	M76Q-CAG-1
ACCACCACAT	I221D-GAC-1
ACCATCACTT	I228M-ATG-1
ACCGATCAAC	I165E-GAG-1
ACCGCGCAAC	V196Y-TAC-1
ACCGCGTAAC	D318G-GGC-1
ACCGCTAGTA	I221V-GTG-1
ACCTAAAGAA	M95G-GGC-1
ACCTAATTAC	Q174C-TGC-1
ACCTCGTTAT	F44A-GCC-1
ACGACCATAG	Q174K-AAG-1
ACGACTGGGT	H242G-GGC-1
ACGAGGCCCA	T64G-GGC-1
ACGATTAGCT	A16Q-CAG-1
ACGCCGTTGC	G188C-TGC-1
ACGCGCACTA	K266L-CTG-1
ACGGATACAA	S20P-CCC-1
ACGGATACGG	I168T-ACC-1
ACGGATTAGT	Y108H-CAC-1
ACGGGCGGGT	I221F-TTC-1
ACGTGTAGTC	S200H-CAC-1
ACGTGTTCAA	S20I-ATC-1
ACGTTACACG	L141D-GAC-1
ACGTTTAGCA	F44D-GAC-1
ACGTTTTAAT	K266M-ATG-1
ACGTTTTTCT	A163E-GAG-1
ACTACAACAA	I165G-GGC-1
ACTACCTGCC	L250I-ATC-1
ACTAGAGGAA	F317A-GCC-1
ACTAGCGCCA	I221D-GAC-1
ACTAGCTAGT	L250Q-CAG-1
ACTAGTACAA	H242S-AGC-1
ACTATAATTA	L92H-CAC-1
ACTCAACGAT	I221W-TGG-1
ACTCAACTAA	N152S-AGC-1
ACTCACAAGA	N53P-CCC-1
ACTGACTCCA	F44Y-TAC-1
ACTGTCTCAG	I221A-GCC-1
ACTTAACAGA	I221W-TGG-1
ACTTGTTCTG	K266F-TTC-1
ACTTTATGAA	A148Q-CAG-1
AGAAAAATTG	K254L-CTG-1
AGAATGCCAG	L141M-ATG-1
AGAATGCGTA	I221P-CCC-1
AGACATGCAG	M132P-CCC-1
AGACATGCGC	L250M-ATG-1
AGACGTCTGG	S20T-ACC-1
AGAGAAAGTA	L250Y-TAC-1
AGAGAACTCT	L120M-ATG-1
AGAGAGGTAA	T238K-AAG-1
AGAGATCCAA	A148F-TTC-1
AGAGCATGAC	F317S-AGC-1
AGAGTACCTA	N12T-ACC-1
AGAGTGCCCC	L141V-GTG-1
AGATAAGATT	Q174P-CCC-1
AGATACCAAT	K254L-CTG-1
AGATATGTAT	L137G-GGC-1
AGATCTGTTC	T40P-CCC-1
AGATGGTAGT	L141E-GAG-1
AGATTCACAC	H242W-TGG-1
AGCAAGGGAA	G188E-GAG-1
AGCCCTCTAA	L262R-AGA-1
AGCCGCACAT	K266E-GAG-1
AGCGATTTCC	A208N-AAC-1
AGCGCCGAAA	A16D-GAC-1
AGCGCGTTAT	K266Y-TAC-1
AGCGCTTTAT	Q174F-TTC-1
AGCGGGAAAA	L250V-GTG-1
AGCTAACATG	A16D-GAC-1
AGCTAACTTT	A148F-TTC-1
AGCTAGGCAA	V196K-AAG-1
AGCTGAAAGT	I160Y-TAC-1
AGCTTATTCG	L89H-CAC-1
AGGACGCGAA	F271I-ATC-1
AGGATTCAAC	S200R-AGA-1
AGGCATATGT	I165D-GAC-1
AGGCATCTGT	T32N-AAC-1
AGGCCTTGCA	E8G-GGC-1
AGGCGACGCT	I221R-AGA-1
AGGTAAAAGC	F219A-GCC-1
AGGTGAGAAA	K266N-AAC-1
AGGTTCTTTG	L250G-GGC-1
AGTAAACGAT	R246W-TGG-1
AGTAAGCGTA	V196G-GGC-1
AGTACTATAA	F44C-TGC-1
AGTATAGGAA	T40P-CCC-1
AGTCGATAAA	I165A-GCC-1
AGTCTTGGTA	A148N-AAC-1
AGTGATATAC	K254A-GCC-1
AGTGCCTGAC	R246C-TGC-1
AGTGCGATAA	A16H-CAC-1
AGTGCTACAA	M95V-GTG-1
AGTGTAAAAA	F317V-GTG-1
AGTGTTTTGC	L285T-ACC-1
AGTTTAAACC	L141Q-CAG-1
AGTTTGCCGA	T32P-CCC-1
ATAAAATATT	H242N-AAC-1
ATAACCCTTT	T40D-GAC-1
ATAAGAATGT	V303W-TGG-1
ATAAGATACC	M76V-GTG-1
ATAAGCCGCC	I221D-GAC-1
ATAAGTTGTG	N4F-TTC-1
ATAATCCGCG	A16E-GAG-1
ATAATGGTCT	V303R-AGA-1
ATACGAACTG	V299A-GCC-1
ATACGCTTTC	F44C-TGC-1
ATACGGCGCC	I165E-GAG-1
ATACGTCCTA	I221E-GAG-1
ATACTACACA	L262Y-TAC-1
ATACTCTAGC	L141M-ATG-1
ATAGAGGATC	I228R-AGA-1
ATAGAGGCAC	E156I-ATC-1
ATAGGAATAA	L141R-AGA-1
ATAGGCCTAA	L320K-AAG-1
ATAGGTATCT	T238K-AAG-1
ATAGTCAGGA	S200P-CCC-1
ATAGTCCAGC	V303Y-TAC-1
ATATAAGTAT	I221Q-CAG-1
ATATACAGCA	L320F-TTC-1
ATATACTTAG	N53K-AAG-1
ATATACTTTC	L262Q-CAG-1
ATATAGTGAA	L141Q-CAG-1
ATATATAATA	F219S-AGC-1
ATATATACGA	L262A-GCC-1
ATATATTTCA	L89D-GAC-1
ATATCGTTTC	T32W-TGG-1
ATATGATTTG	R246G-GGC-1
ATATGCTAGT	G188S-AGC-1
ATATGCTTAC	H242F-TTC-1
ATATGTCTCA	I165F-TTC-1
ATATGTTCAT	T40D-GAC-1
ATATTTCACT	W204S-AGC-1
ATCAACATCC	I165Q-CAG-1
ATCAACGATA	R246C-TGC-1
ATCAGCGCAA	F271D-GAC-1
ATCATACTAA	A148T-ACC-1
ATCCATGATT	L141M-ATG-1
ATCGCAATAT	I165G-GGC-1
ATCGCATTAA	I168N-AAC-1
ATCGGCTGAT	K68E-GAG-1
ATCGTCCCTA	S20K-AAG-1
ATCTGCTGAA	I221D-GAC-1
ATCTTCAAAA	V303W-TGG-1
ATGAATTGGG	F271Y-TAC-1
ATGCAGCCCA	M226G-GGC-1
ATGCGATGCT	I221S-AGC-1
ATGGAACTCT	F317R-AGA-1
ATGGAATAAC	A208N-AAC-1
ATGGGCGGCT	T42M-ATG-1
ATGGTGGTAC	T84N-AAC-1
ATGGTTTTGG	S200V-GTG-1
ATGTAAACCC	D318Y-TAC-1
ATGTAATTAG	S49P-CCC-1
ATGTACCAAA	S136C-TGC-1
ATGTCGGTCA	L89V-GTG-1
ATGTTTGACA	T84N-AAC-1
ATTAAAACTT	H242D-GAC-1
ATTAAATAGT	V299M-ATG-1
ATTACAGCTA	I168S-AGC-1
ATTACCGCTA	I168D-GAC-1
ATTAGTGTCC	Q174L-CTG-1
ATTATCCCTG	L285M-ATG-1
ATTCCCTTAG	S20F-TTC-1
ATTCGCACAC	T84V-GTG-1
ATTCGCGCTA	A16T-ACC-1
ATTCTCTAGG	E156K-AAG-1
ATTCTGGTAG	K266I-ATC-1
ATTGAAGCGT	F317V-GTG-1
ATTGATATAA	L141Y-TAC-1
ATTGCATCAT	L141V-GTG-1
ATTGCTTAAT	T32I-ATC-1
ATTGTATCGA	L262A-GCC-1
ATTGTCTTCC	K254L-CTG-1
ATTTAACTAC	I160K-AAG-1
ATTTACCCCA	F219S-AGC-1
ATTTACCGTT	M95V-GTG-1
ATTTATCTAT	L320W-TGG-1
ATTTGCTAAA	F317K-AAG-1
ATTTGTAAGT	F219V-GTG-1
ATTTTCGCAG	L141I-ATC-1
ATTTTGCACC	L89A-GCC-1
ATTTTTCGCA	H242D-GAC-1
CAAAATTTTT	K266S-AGC-1
CAAACAAATA	L141S-AGC-1
CAAACCGATG	K266Q-CAG-1
CAAACCGTCA	S49N-AAC-1
CAAAGAACCT	K254Y-TAC-1
CAAAGATTAA	D98T-ACC-1
CAAAGCTTTT	N4H-CAC-1
CAAATGCGCA	I221A-GCC-1
CAACATACGC	A148R-AGA-1
CAACATCATA	Y108E-GAG-1
CAACCCTATA	V303T-ACC-1
CAACCTATCC	P258N-AAC-1
CAACCTCTGC	A129P-CCC-1
CAACCTTTTC	I168V-GTG-1
CAACTCAAGT	N230K-AAG-1
CAACTTAGAA	I165Q-CAG-1
CAACTTTACA	L320V-GTG-1
CAAGATCTTA	L92T-ACC-1
CAAGGACACA	A16Q-CAG-1
CAAGGGCATA	L250M-ATG-1
CAATACCATC	V196E-GAG-1
CAATCGCCCA	A16T-ACC-1
CAATGAGTTT	I221D-GAC-1
CAATTCCAAA	F44R-AGA-1
CACAACCCCG	I221K-AAG-1
CACACAAGGC	L320F-TTC-1
CACACGGGCG	F219D-GAC-1
CACATAAGCG	T64P-CCC-1
CACATAATAA	S20W-TGG-1
CACATACGAT	K68W-TGG-1
CACATGATGG	M95Q-CAG-1
CACCAGATTC	T40L-CTG-1
CACCCGCGAA	L250E-GAG-1
CACGAATTCT	L250D-GAC-1
CACGCGACAT	I165R-AGA-1
CACGTAAATA	T42A-GCC-1
CACGTTCAAA	D98C-TGC-1
CACTAGGCGT	R246C-TGC-1
CACTCTAAAT	L285C-TGC-1
CACTTACACA	L262P-CCC-1
CACTTCCATA	K254V-GTG-1
CAGAGAGCCG	V196E-GAG-1
CAGATTCAAG	L141V-GTG-1
CAGCGTTATT	S20I-ATC-1
CAGGTGAATT	F271V-GTG-1
CATAAATCGC	S20C-TGC-1
CATAAGTGGA	A148F-TTC-1
CATACACCAT	F219I-ATC-1
CATACATAGC	S20C-TGC-1
CATACGTACA	M76V-GTG-1
CATATAATAA	A16D-GAC-1
CATATGAGCA	I177F-TTC-1
CATCATACGT	A16P-CCC-1
CATCCTAGCA	S20P-CCC-1
CATCGCACGT	V303M-ATG-1
CATCTACAGG	M76L-CTG-1
CATCTTGGGT	I221A-GCC-1
CATTACACAT	L89T-ACC-1
CATTAGGTAA	F317V-GTG-1
CATTAGTACA	Q174E-GAG-1
CATTCACACG	A16T-ACC-1
CATTTAAAAT	K266Q-CAG-1
CATTTCTTTC	K266V-GTG-1
CCAAATTACT	L85E-GAG-1
CCAACCCACA	Q106E-GAG-1
CCAACTATAC	L85I-ATC-1
CCAATCCACC	T64S-AGC-1
CCACTCGCTA	F44N-AAC-1
CCAGAAATGA	S20K-AAG-1
CCAGCAGACA	V196E-GAG-1
CCAGCATATA	K36Q-CAG-1
CCAGCGTCCG	S20N-AAC-1
CCAGTACGTT	A16P-CCC-1
CCATCAGGCC	F317G-GGC-1
CCATGAACCA	I168H-CAC-1
CCATGGATGT	H242W-TGG-1
CCATTATAGG	I165D-GAC-1
CCATTCTCTG	L262T-ACC-1
CCATTGAAGT	F192G-GGC-1
CCATTTGGAT	N12E-GAG-1
CCCACGCCTC	L141Y-TAC-1
CCCAGCAGAA	I221A-GCC-1
CCCAGTAAGA	F271I-ATC-1
CCCAGTGCCA	L250D-GAC-1
CCCATGATCC	F44S-AGC-1
CCCCCTCGGA	T32P-CCC-1
CCCCTTACAT	L141T-ACC-1
CCCGCAATAC	F44Y-TAC-1
CCCTAGGCCA	F130D-GAC-1
CCCTCACGCA	H242Q-CAG-1
CCCTCGAACG	L250E-GAG-1
CCGAATAGGA	I221T-ACC-1
CCGACTTTGT	T32E-GAG-1
CCGCCGAGCG	M132T-ACC-1
CCGGTGCCGC	I177D-GAC-1
CCGTTTACTC	L262Q-CAG-1
CCTAAGCTCA	V116N-AAC-1
CCTACACCTT	V299Q-CAG-1
CCTACGACTA	F44P-CCC-1
CCTAGCACTA	T32G-GGC-1
CCTATACGCA	A148Y-TAC-1
CCTCAATTCG	L262P-CCC-1
CCTCCCCTAT	A208N-AAC-1
CCTCTCTTTG	S20D-GAC-1
CCTCTTAGGA	A16K-AAG-1
CCTGCCGTAA	F271N-AAC-1
CCTGCTCTGA	H242T-ACC-1
CCTTAAAATA	H242R-AGA-1
CCTTAATAGC	A148H-CAC-1
CCTTAATTTG	E156P-CCC-1
CCTTTCTAGT	Q174K-AAG-1
CGAAAAGCAC	T32P-CCC-1
CGAAAATAGC	S20C-TGC-1
CGAAATTTAC	T40Q-CAG-1
CGAATAAAAC	N4D-GAC-1
CGAGTCGACA	D318E-GAG-1
CGATAAACCA	A16G-GGC-1
CGATAGCGGG	T64C-TGC-1
CGATAGTAAA	F219H-CAC-1
CGATTTACAA	A208N-AAC-1
CGCACGGCTA	L28N-AAC-1
CGCACTGGCG	L262D-GAC-1
CGCATCGAAG	N12V-GTG-1
CGCCGTCGCA	L320R-AGA-1
CGCCTGAAAC	K266T-ACC-1
CGCCTTTATC	T32A-GCC-1
CGCGCAAATG	L28P-CCC-1
CGCTACGATA	I168E-GAG-1
CGCTTCTGTG	L141Y-TAC-1
CGCTTGCTAA	L250N-AAC-1
CGGAACAGGA	Y108W-TGG-1
CGGATATACC	A208D-GAC-1
CGGATGATAG	I221M-ATG-1
CGGGCTACTG	L141F-TTC-1
CGGGGATCGA	L141F-TTC-1
CGGGGATCTT	V196W-TGG-1
CGGTAATTAG	N12R-AGA-1
CGGTCTTTTT	V116C-TGC-1
CGGTTTTTTA	L141V-GTG-1
CGTACAATGT	L262T-ACC-1
CGTACTTAAC	F112Y-TAC-1
CGTAGATATC	A148K-AAG-1
CGTAGCTAAC	F317T-ACC-1
CGTATTAACA	S20I-ATC-1
CGTCCCTGAG	I165E-GAG-1
CGTCGGAACT	H242V-GTG-1
CGTCGTTAAA	F112L-CTG-1
CGTCTGGTCT	M76Q-CAG-1
CGTGCCATCC	K254V-GTG-1
CGTGCGAGTC	T64R-AGA-1
CGTGTCAACA	T40L-CTG-1
CGTGTTTGGT	F271T-ACC-1
CGTTAAATTA	A16E-GAG-1
CGTTCGATGC	L320V-GTG-1
CGTTGGAACA	L141M-ATG-1
CGTTGTCTTA	M132R-AGA-1
CGTTTGCTAT	H242K-AAG-1
CTAATGAGCG	M95R-AGA-1
CTAATGCCGA	F219S-AGC-1
CTACAATTTG	K232V-GTG-1
CTACACTTTA	I221Q-CAG-1
CTACCTGTTC	S136V-GTG-1
CTACGACAGG	A109Q-CAG-1
CTAGACAGGA	L320S-AGC-1
CTAGACTCTC	A16S-AGC-1
CTATGTTCAT	T32H-CAC-1
CTCAAAAGTA	T64Q-CAG-1
CTCAACGAAA	K68E-GAG-1
CTCAGTTTGT	F271S-AGC-1
CTCATATATC	K254W-TGG-1
CTCCAAACTC	A148T-ACC-1
CTCCCAAACC	N4F-TTC-1
CTCCCTTTTA	V299Q-CAG-1
CTCCGTTGAA	L141I-ATC-1
CTCCTAACGA	A129P-CCC-1
CTCGATATCG	T32S-AGC-1
CTCGTAGCTA	L89H-CAC-1
CTCTTAAATT	P258S-AGC-1
CTCTTTGAAC	K232E-GAG-1
CTGAAGCTTA	F44N-AAC-1
CTGACAAGCA	E8Q-CAG-1
CTGACCATTC	S136C-TGC-1
CTGACTTTGT	I221R-AGA-1
CTGAGTCATA	L92A-GCC-1
CTGATTGCCG	S200D-GAC-1
CTGCAAACGA	V196I-ATC-1
CTGCAATCAA	K254R-AGA-1
CTGCGAGACT	F310H-CAC-1
CTGGTATATA	T42K-AAG-1
CTGGTTAAAA	K266I-ATC-1
CTGTAATCAT	M132I-ATC-1
CTGTCAAGGA	K266N-AAC-1
CTGTTCTACT	T64V-GTG-1
CTGTTGGTCC	I165F-TTC-1
CTTAAAAGTG	N12D-GAC-1
CTTAAACATA	V303H-CAC-1
CTTAGGACCA	V303E-GAG-1
CTTATAACCA	L175C-TGC-1
CTTCAACTTT	T32I-ATC-1
CTTCTGAAGG	D98C-TGC-1
CTTGAATGTA	T42I-ATC-1
CTTGAGGACC	P258K-AAG-1
CTTGCAGAAG	K254H-CAC-1
CTTGCTTGTT	E156W-TGG-1
CTTGGTACTA	M132G-GGC-1
CTTTATGCGC	L250R-AGA-1
CTTTCCAGCT	L141P-CCC-1
CTTTCTGCTC	V196M-ATG-1
CTTTGTGATA	S20C-TGC-1
CTTTTAACGT	T84L-CTG-1
CTTTTCACAG	T32H-CAC-1
GAAAACCAGA	F44M-ATG-1
GAAAACTATT	L250R-AGA-1
GAAAAGTAAT	H242T-ACC-1
GAAACGGATC	F130N-AAC-1
GAAACTGCAA	I165L-CTG-1
GAAATGGACG	L89V-GTG-1
GAAATTTCAA	F192L-CTG-1
GAACACCTAT	L285W-TGG-1
GAACGCAAAC	L89I-ATC-1
GAACTCAAAT	H242Y-TAC-1
GAAGAAAATA	T42V-GTG-1
GAAGAATCAG	F44R-AGA-1
GAAGGGGCTT	F219N-AAC-1
GAAGTCAAAA	Q174P-CCC-1
GAAGTCGGAT	L141D-GAC-1
GAATCCCCTA	L250Y-TAC-1
GAATGATCTA	K36R-AGA-1
GAATGCTTAC	I221Y-TAC-1
GAATTCCAGA	T32N-AAC-1
GAATTTACAA	W204V-GTG-1
GACACACCTG	L141K-AAG-1
GACATGTAAG	V105R-AGA-1
GACCACAGAC	Q174V-GTG-1
GACCTAAACG	A16M-ATG-1
GACGATTCTG	L285K-AAG-1
GACGCGTATT	G188V-GTG-1
GACTCGGTTA	A163P-CCC-1
GACTCTGGAC	L141S-AGC-1
GACTGCGTTT	M95G-GGC-1
GACTGGATTA	D318L-CTG-1
GAGAAGCTAA	L250H-CAC-1
GAGACATCCA	L141V-GTG-1
GAGACGCATT	F219S-AGC-1
GAGCACTAAG	L141H-CAC-1
GAGCATAATC	Q174P-CCC-1
GAGCCTCTTA	R246G-GGC-1
GAGGACAAAC	D318A-GCC-1
GAGGACTCCA	I228F-TTC-1
GAGTAAAAGA	T32N-AAC-1
GAGTTTGAAT	T32H-CAC-1
GATAAAAACG	A16W-TGG-1
GATACAACCG	A148T-ACC-1
GATACACATA	A16R-AGA-1
GATACTACTC	F219L-CTG-1
GATAGTCCAA	M76T-ACC-1
GATATCCGAT	A16I-ATC-1
GATCACTTAG	L137N-AAC-1
GATCTCGAAT	R246S-AGC-1
GATGCCCCGT	L250P-CCC-1
GATGCTCAAT	I177K-AAG-1
GATGTCTCTA	L141K-AAG-1
GATTACAAAT	S20T-ACC-1
GATTCATCTC	L141T-ACC-1
GATTCGCGCA	A129W-TGG-1
GATTTACCGA	L320G-GGC-1
GATTTTCTCG	V196L-CTG-1
GCAAAGGTGT	S20N-AAC-1
GCAACGGAAC	I221T-ACC-1
GCAACGTTGC	I165N-AAC-1
GCAATATCGC	T238E-GAG-1
GCAATCAACC	E8N-AAC-1
GCACATAATC	T32R-AGA-1
GCACCTTAAC	H242C-TGC-1
GCACTAAAGA	L141I-ATC-1
GCACTGCGCC	L262V-GTG-1
GCAGCCCTTC	I221G-GGC-1
GCAGTCTTAG	A16G-GGC-1
GCATAGACTT	H242V-GTG-1
GCCACTCATG	V299S-AGC-1
GCCCAGTATC	S20T-ACC-1
GCCCTTTTGA	A129M-ATG-1
GCCGAAGTTA	L89A-GCC-1
GCGATGCTAT	M132Y-TAC-1
GCGCACTCGT	I165K-AAG-1
GCGCGACTCA	F44N-AAC-1
GCGCTAAACG	R246W-TGG-1
GCGGCTAATA	D318P-CCC-1
GCGTGACTCC	L141K-AAG-1
GCTAAGTGCT	V196Y-TAC-1
GCTACTCCCT	S20G-GGC-1
GCTAGTTTCC	F310Y-TAC-1
GCTCACTCCA	A16P-CCC-1
GCTCATTAAG	P258H-CAC-1
GCTCCATTAT	L137T-ACC-1
GCTCGATGAC	N230E-GAG-1
GCTGCTTATA	R246C-TGC-1
GCTTAGGCCG	I160G-GGC-1
GGAATACCGT	K254N-AAC-1
GGAATAGTAC	R246Y-TAC-1
GGACACTCCC	H242S-AGC-1
GGAGACCTAT	N53Y-TAC-1
GGAGACGTTA	A208N-AAC-1
GGAGGGTGAC	R246D-GAC-1
GGATCAATCC	L250D-GAC-1
GGATCGATTA	L141V-GTG-1
GGATTTAAAG	A16Q-CAG-1
GGCCCACATT	I221F-TTC-1
GGCGAATTGC	L141K-AAG-1
GGCGCGGATG	K254L-CTG-1
GGCGTCGCAC	L28Y-TAC-1
GGCTCATTCG	S136P-CCC-1
GGCTGCGAGT	K254V-GTG-1
GGCTGTATAT	S20W-TGG-1
GGGATACGCG	T42F-TTC-1
GGGCGCAATG	L28T-ACC-1
GGGCGCGCCT	T32G-GGC-1
GGGGAATTTA	S20G-GGC-1
GGGGTCACTT	T32P-CCC-1
GGGTAGTGTC	H242S-AGC-1
GGGTCCACTC	F44Y-TAC-1
GGGTGAGACA	L141E-GAG-1
GGGTTATACT	A148F-TTC-1
GGTAATAATA	M295W-TGG-1
GGTCCGGCTA	I160H-CAC-1
GGTCGAGGAA	H242N-AAC-1
GGTGCAATCA	A148R-AGA-1
GGTGCAGGTA	T84S-AGC-1
GGTGCCAACA	L92V-GTG-1
GGTTAAGGTT	I221K-AAG-1
GGTTCATCAA	T84N-AAC-1
GGTTCGTTTA	A148D-GAC-1
GGTTCTCCCA	L28C-TGC-1
GGTTCTCGTA	K254F-TTC-1
GGTTGAGCAT	R246H-CAC-1
GGTTGTTTTA	V116L-CTG-1
GGTTTAGCCA	L320H-CAC-1
GTAAGCAATG	I177F-TTC-1
GTAATACTAT	L320K-AAG-1
GTAATACTGC	L262W-TGG-1
GTAATGAAAT	I221N-AAC-1
GTACATTTTA	V196P-CCC-1
GTACCCGCTA	T42W-TGG-1
GTAGATAACC	A148H-CAC-1
GTAGCGAACA	I168T-ACC-1
GTAGGACTAT	L320P-CCC-1
GTAGTTATTA	N12P-CCC-1
GTATAATACA	M226S-AGC-1
GTATAGAGGA	L141F-TTC-1
GTATATATGA	K266H-CAC-1
GTATCATCAG	D318T-ACC-1
GTATGATGCC	L250G-GGC-1
GTATTAATAG	L137W-TGG-1
GTATTCGGTA	I221T-ACC-1
GTATTGACAC	L28H-CAC-1
GTATTGCTTG	V299S-AGC-1
GTCACGACGG	M95N-AAC-1
GTCCATCTCG	S49F-TTC-1
GTCCCGGACT	T32I-ATC-1
GTCCGCTAGG	A148H-CAC-1
GTCCTACAAA	F219G-GGC-1
GTCCTATCTA	G188V-GTG-1
GTCGCTCCAC	L141D-GAC-1
GTCTAAATCT	A148E-GAG-1
GTCTAATCTA	E156V-GTG-1
GTCTGGCGAC	M226R-AGA-1
GTGAAATGAT	F310K-AAG-1
GTGAACCATA	L141A-GCC-1
GTGACGGAAC	R246W-TGG-1
GTGACTACAC	I177W-TGG-1
GTGAGGCTAA	F317T-ACC-1
GTGTCGCATA	M132K-AAG-1
GTTAGCAACA	S20C-TGC-1
GTTAGCACAA	T84R-AGA-1
GTTATTTAGA	K68M-ATG-1
GTTCACACCA	T32Y-TAC-1
GTTCCGATAC	S20R-AGA-1
GTTCGGCTAT	I168N-AAC-1
GTTTAGGTCA	L28H-CAC-1
GTTTCCAATA	I160E-GAG-1
GTTTCTCGAA	I221Y-TAC-1
GTTTGCGCTA	Y322H-CAC-1
GTTTTAGTGG	F317P-CCC-1
GTTTTCGAAC	N4M-ATG-1
GTTTTGCCAA	V303D-GAC-1
TAAAACATTA	F44R-AGA-1
TAAAAGCGCA	I165L-CTG-1
TAAACCAAAG	H242V-GTG-1
TAAACTAATC	S20P-CCC-1
TAAAGCTAGG	K266M-ATG-1
TAAAGGCCTT	L141I-ATC-1
TAAAGGTCTA	L141N-AAC-1
TAAATATTGC	L320Q-CAG-1
TAAATTGCTT	R246S-AGC-1
TAACCGGCAA	D318N-AAC-1
TAACGACTGC	T238R-AGA-1
TAACTCTAAT	T40N-AAC-1
TAACTGGTAC	A163H-CAC-1
TAAGAAACCG	T42N-AAC-1
TAAGATACGA	R246M-ATG-1
TAAGCAATAG	I168T-ACC-1
TAAGCGACAT	I177S-AGC-1
TAAGGCACAA	D98Q-CAG-1
TAAGGCAGCT	I221E-GAG-1
TAAGGGACCC	V116F-TTC-1
TAAGGTAAAC	I221P-CCC-1
TAAGGTTTTC	A16T-ACC-1
TAAGTATCTA	A16F-TTC-1
TAAGTATGGA	L175W-TGG-1
TAAGTCGTTA	M132E-GAG-1
TAAGTGAATT	N12D-GAC-1
TAATACATAG	R246H-CAC-1
TAATACATTA	E8G-GGC-1
TAATCCGAAT	I160T-ACC-1
TAATGACCAG	H242Q-CAG-1
TAATGACTTT	N12V-GTG-1
TAATGGCTGG	F219D-GAC-1
TACAAAATCT	L85N-AAC-1
TACAAGTATG	K266S-AGC-1
TACACAATCG	L141V-GTG-1
TACACCCAGA	L141E-GAG-1
TACAGATGGC	I177A-GCC-1
TACAGCGCAC	L250M-ATG-1
TACCAACAGA	F317G-GGC-1
TACCAATCAT	H242T-ACC-1
TACCACGTTA	V116T-ACC-1
TACCGAAGCA	D98A-GCC-1
TACCGCAGCA	F219P-CCC-1
TACCGCCTAC	N12A-GCC-1
TACCTGAGAA	L320V-GTG-1
TACGACCACT	I221R-AGA-1
TACGCGCAAG	N152I-ATC-1
TACGGAACAA	K266V-GTG-1
TACTCAGCTA	L141Y-TAC-1
TACTCCCACT	A16R-AGA-1
TACTGCAGAG	L92P-CCC-1
TACTTGCACA	S20M-ATG-1
TACTTGGTGC	L137M-ATG-1
TAGAAATACT	L28D-GAC-1
TAGATAATGT	L320H-CAC-1
TAGATGTACA	I168W-TGG-1
TAGCATAGTC	I160T-ACC-1
TAGCGACCGC	S20W-TGG-1
TAGCGACTAC	T42S-AGC-1
TAGCGTAAAT	N4H-CAC-1
TAGCGTACAT	F44S-AGC-1
TAGCTTAGGA	F130W-TGG-1
TAGGATTTCT	L320H-CAC-1
TAGGGCATGA	F219I-ATC-1
TAGGTTTGTA	F219D-GAC-1
TAGTAGATTG	V299E-GAG-1
TAGTATGGAA	R246Q-CAG-1
TAGTCTAATC	L250Q-CAG-1
TAGTGAGAAG	L89I-ATC-1
TAGTGGAACG	I160G-GGC-1
TATAAAACTA	T40L-CTG-1
TATAAAGCCC	I165F-TTC-1
TATACCACAT	L250F-TTC-1
TATACCAGCC	A109T-ACC-1
TATACCCAAC	A16Y-TAC-1
TATACGCACA	F310D-GAC-1
TATAGAGCGC	L141V-GTG-1
TATATAACGA	L137Y-TAC-1
TATATCAAGC	I221R-AGA-1
TATATTGAAT	N53E-GAG-1
TATCAAAAGT	S200R-AGA-1
TATCGAAGTT	F44C-TGC-1
TATCGATAAA	A148F-TTC-1
TATCGATTGA	S20K-AAG-1
TATCGTTATA	M226I-ATC-1
TATCGTTCTA	I165P-CCC-1
TATGACAACC	A109E-GAG-1
TATGCACCCA	W204R-AGA-1
TATGCGAAAA	L141I-ATC-1
TATGGCCCGT	R246E-GAG-1
TATGGCGTAT	L250R-AGA-1
TATGTCGCAA	L141R-AGA-1
TATTAAACCG	F317D-GAC-1
TATTAGAAAA	F219D-GAC-1
TATTATCACC	L137T-ACC-1
TATTCAAGAA	L250I-ATC-1
TATTCCATAG	A109H-CAC-1
TATTGGCGGT	I168M-ATG-1
TATTGTGGTG	M132D-GAC-1
TATTTAACTA	A208R-AGA-1
TATTTCGCCA	A16I-ATC-1
TATTTGCGTG	R246G-GGC-1
TCAAACGCTC	A148W-TGG-1
TCAAATACGC	E156F-TTC-1
TCAAATACTG	K266S-AGC-1
TCAACGGCTT	L120M-ATG-1
TCAAGAGGCA	K254M-ATG-1
TCAATACTAA	T40L-CTG-1
TCACAAGATC	L141P-CCC-1
TCACATGCCG	S200P-CCC-1
TCACCAGACA	L250M-ATG-1
TCACCGAGCG	I165N-AAC-1
TCACGAAATA	D318P-CCC-1
TCACTACTTT	M132F-TTC-1
TCACTGACCA	N12P-CCC-1
TCAGATTACG	L250I-ATC-1
TCAGATTTGA	L320N-AAC-1
TCAGGTGCAC	V303R-AGA-1
TCATAACATA	I160E-GAG-1
TCATAATGTA	K266A-GCC-1
TCATACGAGT	E156T-ACC-1
TCATCGCCGA	V196F-TTC-1
TCATCGTTCA	V116H-CAC-1
TCATGTTCAG	F317N-AAC-1
TCATTTTCCT	I221G-GGC-1
TCCACGCAAA	F192H-CAC-1
TCCAGGGTAG	A16I-ATC-1
TCCATAGTTC	V299P-CCC-1
TCCATCCCCT	I221L-CTG-1
TCCCCAGCAG	I160C-TGC-1
TCCCGAGCAC	F44P-CCC-1
TCCGATACGC	I228S-AGC-1
TCCGTATCAC	A16D-GAC-1
TCCTTACTGC	L250I-ATC-1
TCGACACGCG	L92T-ACC-1
TCGAGGACCA	L262D-GAC-1
TCGATATAAA	K266W-TGG-1
TCGATCCGCA	N4S-AGC-1
TCGATGGTAT	F44D-GAC-1
TCGATGTGAA	L141V-GTG-1
TCGCTTTTAA	I168N-AAC-1
TCGGACTTCA	V196F-TTC-1
TCGTAGATAT	F317R-AGA-1
TCGTATCAAA	S20P-CCC-1
TCGTCTGATT	A16E-GAG-1
TCGTTAGATA	L250F-TTC-1
TCTAACTAAA	I168M-ATG-1
TCTAATACTA	V196L-CTG-1
TCTACATAGG	G188V-GTG-1
TCTACTAACA	L89S-AGC-1
TCTAGGACAA	L85F-TTC-1
TCTATAAAGA	N152S-AGC-1
TCTGAGAATT	L141E-GAG-1
TCTGTTCTGT	N230K-AAG-1
TCTTGTATCA	H242K-AAG-1
TCTTTCACAG	I221T-ACC-1
TGAACAGTTA	L320P-CCC-1
TGAAGGGCTA	I168F-TTC-1
TGAATACTCT	I165E-GAG-1
TGAATGAAAA	I221D-GAC-1
TGACACAAAA	I228P-CCC-1
TGACTCAAGA	M226V-GTG-1
TGAGATCTCA	F219G-GGC-1
TGAGATTGCA	A16Y-TAC-1
TGAGCACCCG	K266Y-TAC-1
TGAGCATCGA	I160F-TTC-1
TGAGTTAAAA	T40M-ATG-1
TGATATTCTA	L320C-TGC-1
TGATCTACAA	S20M-ATG-1
TGATCTGGTA	H242V-GTG-1
TGATGGCTCA	V196S-AGC-1
TGATTTGTGA	F44D-GAC-1
TGCAACAATT	S200R-AGA-1
TGCAATCGTA	K36Y-TAC-1
TGCACATGCT	K254E-GAG-1
TGCAGCAGGC	L250V-GTG-1
TGCATAAACC	M95K-AAG-1
TGCCATATAA	K254L-CTG-1
TGCCATCTCA	V116N-AAC-1
TGCGTCGCTG	F219R-AGA-1
TGCGTTTCAC	D318G-GGC-1
TGCTCACTAT	L250S-AGC-1
TGCTTATGGA	S200C-TGC-1
TGCTTGCGCA	I221C-TGC-1
TGGAAAGCTC	A129V-GTG-1
TGGAAATGAG	M226W-TGG-1
TGGAGTTATT	S136V-GTG-1
TGGATGAAAT	S20A-GCC-1
TGGCACAGCT	N4Y-TAC-1
TGGCCAGGCA	I221K-AAG-1
TGGGAAATCA	L85W-TGG-1
TGGGGAGCAA	N12K-AAG-1
TGGTAGCCGG	F44Y-TAC-1
TGGTATATTC	F317S-AGC-1
TGGTCAGATG	L141I-ATC-1
TGGTCTTGAA	L262I-ATC-1
TGGTTTCTAT	Q174H-CAC-1
TGTAAACCAC	I168H-CAC-1
TGTAACTAAC	N152H-CAC-1
TGTAATAACT	I168H-CAC-1
TGTAATGTTA	F130K-AAG-1
TGTACCTTCC	I228R-AGA-1
TGTACGCTAT	F317T-ACC-1
TGTACTAAGA	I160C-TGC-1
TGTACTAGCA	A16C-TGC-1
TGTAGACAAG	A16H-CAC-1
TGTATAAGAA	L285G-GGC-1
TGTATGCCGA	L89F-TTC-1
TGTCACCATT	T42V-GTG-1
TGTGACCGCC	L262H-CAC-1
TGTGCACCTT	N152D-GAC-1
TGTGGAGGGC	L141E-GAG-1
TGTGGTGGTT	M95L-CTG-1
TGTTAAACGA	K266M-ATG-1
TGTTACCTCA	I221N-AAC-1
TGTTCAGCAC	F44H-CAC-1
TGTTCCGCAT	D98N-AAC-1
TGTTCCTCCA	L28D-GAC-1
TGTTGAAATT	F219K-AAG-1
TGTTGCGATA	L320S-AGC-1
TGTTGGCGTA	T42R-AGA-1
TGTTTAATCA	F310K-AAG-1
TGTTTCGGTT	A148M-ATG-1
TTAAAAGAGA	F44N-AAC-1
TTAAAGCCTA	I168G-GGC-1
TTAACACACT	K254Y-TAC-1
TTAAGAACTA	F44Y-TAC-1
TTAATAACCG	F44W-TGG-1
TTAATAATTC	L250T-ACC-1
TTAATTCCTT	T42F-TTC-1
TTAATTCTAG	A16H-CAC-1
TTAATTGTGG	S20C-TGC-1
TTACACACAA	L141M-ATG-1
TTACAGGTCC	A129R-AGA-1
TTACATCAGA	K266W-TGG-1
TTACATGGCT	F44S-AGC-1
TTACGAGAGA	R246G-GGC-1
TTACTCGAGT	K254W-TGG-1
TTAGATAGAC	L89V-GTG-1
TTAGATTATG	F130Q-CAG-1
TTAGATTGGC	H242T-ACC-1
TTAGGTCTAG	I165F-TTC-1
TTAGTCTTAA	F44N-AAC-1
TTAGTTCCGC	M295A-GCC-1
TTATACTGAA	K254M-ATG-1
TTATCCTCAT	H242K-AAG-1
TTATCCTTAA	A208S-AGC-1
TTATTAACAA	K68Q-CAG-1
TTATTATAGT	I221N-AAC-1
TTATTTCTTC	A208T-ACC-1
TTCAAAATCA	L89V-GTG-1
TTCAAACTTA	L285M-ATG-1
TTCAAAGGTA	L141A-GCC-1
TTCAATGGTA	S49E-GAG-1
TTCACATACT	S136C-TGC-1
TTCACCGGAG	F130Q-CAG-1
TTCACTCTTA	S49R-AGA-1
TTCAGCTACG	T32W-TGG-1
TTCAGGGCTG	S20G-GGC-1
TTCATTCTGG	K72Q-CAG-1
TTCCCAATTT	I228K-AAG-1
TTCCCTGGCA	M95W-TGG-1
TTCCGCGTAA	A16R-AGA-1
TTCCTAATCA	A208N-AAC-1
TTCGAGATTC	A148Y-TAC-1
TTCGATACAA	W204K-AAG-1
TTCGGCTCAG	L28I-ATC-1
TTCGGTTACT	R246P-CCC-1
TTCTAGGGAA	K254A-GCC-1
TTCTTAGTAT	L137N-AAC-1
TTCTTCTACG	K254M-ATG-1
TTCTTCTAGC	M132I-ATC-1
TTCTTTAACA	I177S-AGC-1
TTGAAACGGT	Y322E-GAG-1
TTGAAACTTT	A208T-ACC-1
TTGAACCCAA	A208T-ACC-1
TTGAAGTAAT	L141E-GAG-1
TTGAGCTTGC	I24F-TTC-1
TTGATTGCGC	F44E-GAG-1
TTGCATAGGT	R246C-TGC-1
TTGCATGTTA	N4Q-CAG-1
TTGGACCGTA	H242G-GGC-1
TTGGGCATTC	V196L-CTG-1
TTGGGCTAAG	V196G-GGC-1
TTGGTTCTAC	L141Y-TAC-1
TTGTAACAAG	L250N-AAC-1
TTGTAACTCA	T84N-AAC-1
TTGTAGTCAC	T32N-AAC-1
TTGTATCTAA	A109H-CAC-1
TTGTTATGCT	T32E-GAG-1
TTGTTCACAT	F44W-TGG-1
TTTAACCCCT	L141K-AAG-1
TTTAAGCGGC	M226L-CTG-1
TTTAAGCTGT	A148V-GTG-1
TTTACAAATA	F310D-GAC-1
TTTACACCCT	L89P-CCC-1
TTTACATATC	F192I-ATC-1
TTTACCAATA	K266A-GCC-1
TTTACCACCC	F310C-TGC-1
TTTACGTGTT	F219N-AAC-1
TTTAGATTAT	N12T-ACC-1
TTTAGCACTC	F310C-TGC-1
TTTAGCCTAA	F44Q-CAG-1
TTTAGCTAAT	K266S-AGC-1
TTTAGGAATT	I168Q-CAG-1
TTTAGGAGTT	V196W-TGG-1
TTTATACGAA	L320H-CAC-1
TTTATGGTAA	F44H-CAC-1
TTTATTCAAC	V116H-CAC-1
TTTATTTCAG	T64I-ATC-1
TTTCAAAAAA	A148M-ATG-1
TTTCAAGCAA	F219C-TGC-1
TTTCAAGCAT	K254I-ATC-1
TTTCACATTT	L141V-GTG-1
TTTCACGTTA	L120P-CCC-1
TTTCCAAAGA	L141Q-CAG-1
TTTCCAGAAC	F310V-GTG-1
TTTCGATTGT	V303K-AAG-1
TTTCGTAAGC	I177M-ATG-1
TTTCGTGACC	F44T-ACC-1
TTTCTGTCGT	K266F-TTC-1
TTTCTTACGG	Y322C-TGC-1
TTTGCAGCAG	S136C-TGC-1
TTTGGTATAC	V116D-GAC-1
TTTGTTCAAA	I221M-ATG-1
TTTTAATGGG	I165R-AGA-1
TTTTCGAAAA	I165V-GTG-1
TTTTCTCACT	H242T-ACC-1
TTTTGAAAAA	I221R-AGA-1
TTTTGAATCT	L285D-GAC-1
TTTTGACTTT	L141K-AAG-1
TTTTGAGACT	M295R-AGA-1
TTTTGGCTCA	F192I-ATC-1
TTTTGTGTGG	I165L-CTG-1
TTTTTAAACG	L320R-AGA-1
TTTTTATCAT	L89K-AAG-1
TTTTTGTTAT	M132Q-CAG-1
TTTTTTATAG	L250H-CAC-1
TTTTTTGACG	T238E-GAG-1
GGTCATAAAA	A148Y-TAC-1
TAGAATTGAA	V196Y-TAC-1
CGAGCTTTTC	A129N-AAC-1
CCGCAAAATA	T42C-TGC-1
TAAGAAACCC	K68N-AAC-1
CAACAACTTC	M132W-TGG-1
ATGTTTAACA	F310D-GAC-1
TCTAATGGAA	N230T-ACC-1
ACGAAGCGCT	L262Q-CAG-1
GAAATCACTG	I177L-CTG-1
TTTCTTTGGT	I168H-CAC-1
AAGTTTCCAA	K266C-TGC-1
ATCCGGCTGC	A163H-CAC-1
CTCGATTGGC	S20I-ATC-1
ATTCTGCGTT	F44Q-CAG-1
TCAATAAAAA	L141P-CCC-1
TTGAATATAA	F219H-CAC-1
CGTTTTGCAA	L141G-GGC-1
TCAACTAAGA	T32S-AGC-1
CAGTTTATGT	F130K-AAG-1
CGAAAGAAAT	N12T-ACC-1
TTTTATGTGA	G188D-GAC-1
GGTGATTAAT	S20W-TGG-1
GTTCGTCTAC	N152A-GCC-1
TCCGCACACC	K266Q-CAG-1
TGACGAACTA	I228K-AAG-1
TTGTGTCCTA	N12S-AGC-1
CAATAATCTG	L262R-AGA-1
CATCAAACGC	H242Q-CAG-1
CGGTCTGAAT	I221L-CTG-1
GAAATAATTA	M95Q-CAG-1
GCCCGAAATG	I221Y-TAC-1
GTATAGACAT	I165Y-TAC-1
AATTAACTCT	I221Q-CAG-1
CATGTTCTAT	S200H-CAC-1
CCATTTCTGC	F271A-GCC-1
CGTCAGGGTC	V196K-AAG-1
TTATCCACAC	T42C-TGC-1
AATCATATAA	K36A-GCC-1
ATTCTTTCTC	I221H-CAC-1
TTTTACATTG	S20Y-TAC-1
CACTTTCGCA	M76L-CTG-1
CATAGGGGAA	K232W-TGG-1
CCATCTTCGG	L92Q-CAG-1
CCCGCGACGA	G188P-CCC-1
GCATCAGAAA	R246H-CAC-1
GGGTTCCATA	F44N-AAC-1
TAAGGACTAA	S20R-AGA-1
TCCGCTCAGA	F44E-GAG-1
AGTTCCGCTA	F317S-AGC-1
CAGGCATGTA	I221A-GCC-1
GAACAATCTC	I221Q-CAG-1
TTATTGTCTA	F317E-GAG-1
CCTCACGCGA	L141M-ATG-1
CGACTAAGAT	G188H-CAC-1
GCGCGACATT	L89M-ATG-1
GCTATGTATA	H242L-CTG-1
TCACAGCTTA	V299K-AAG-1
AATACAAAAA	D318N-AAC-1
CATCCATAGC	S20A-GCC-1
CTCATTTCGG	S136N-AAC-1
TTTTCCGTTG	S20F-TTC-1
AACACCGTCG	T84I-ATC-1
CACACCGTTA	T238M-ATG-1
CGTCCAAATA	V196L-CTG-1
GCTCATAGAT	T42G-GGC-1
GGAGGCTTTA	F310Q-CAG-1
TGCCTGGTCC	L141H-CAC-1
TTACCTCCCA	F112T-ACC-1
AAATAACTTG	S20L-CTG-1
AACACGATAA	I221H-CAC-1
ACTTCCATGC	T42S-AGC-1
AGTCAAACTA	H242T-ACC-1
ATAGGGTAAA	H242A-GCC-1
ATTATATAAG	L141A-GCC-1
CCCAGCGAGG	A16K-AAG-1
CTCAGATAAC	I221A-GCC-1
CTGTCACGGA	T32S-AGC-1
GCGGTCTTTC	I221Y-TAC-1
GTTAGTCTAC	F130C-TGC-1
TTAACGAATA	L320H-CAC-1
ACGTGCTGGG	K232I-ATC-1
ATGCTAGACA	A129N-AAC-1
ATTATACTGA	T42K-AAG-1
ATTCTTTAGA	L141G-GGC-1
CATGGTAGGT	M95H-CAC-1
CGACCGATAT	G188K-AAG-1
TACTGTGACT	K36S-AGC-1
TATGCGCTGG	L141A-GCC-1
TGAGTTGAAA	W288D-GAC-1
TTTTCAGTTA	F44P-CCC-1
AAATACATGA	E156W-TGG-1
AGAAAGCTAT	I221G-GGC-1
ATGATGCCAT	N12S-AGC-1
CCATGCGTTG	F44P-CCC-1
CGTGGGAGCC	M95N-AAC-1
CTCGCATCGG	T42M-ATG-1
GTTTAATGCA	I160K-AAG-1
GTTTTGTGTA	L137I-ATC-1
TAAGTATGAA	G188C-TGC-1
TAATGGAAAA	L285Q-CAG-1
TACATAAATG	N12D-GAC-1
TATATAAAAA	M226D-GAC-1
TCAAACGTGA	F271W-TGG-1
TCAATTCCTC	F112P-CCC-1
TGTTTATGGA	I221E-GAG-1
CCTCCCGTGG	I221Y-TAC-1
AACCTAACTA	I168Y-TAC-1
ACAGTTTTTC	I221S-AGC-1
ACATAAAGGA	N4K-AAG-1
ACTTGGAAAA	T238M-ATG-1
AGAAGATGCC	I160G-GGC-1
ATACGTTGTA	L141Q-CAG-1
CAGGCAATAT	V303R-AGA-1
CCGTTTTAAA	A148F-TTC-1
CCTGAGGAAC	L137H-CAC-1
CGCATAATTG	F219C-TGC-1
CTGTCCCCGA	L320I-ATC-1
CTTTGCGGTT	I221K-AAG-1
GATTGTTTTA	I168Q-CAG-1
GTTTACCAGC	Q174D-GAC-1
TAACCTCCCA	L320K-AAG-1
TCAAGACGCC	M132K-AAG-1
TCCACTGAGA	F44G-GGC-1
TCTAAATCTA	Y322F-TTC-1
TGAAAGATAA	S20I-ATC-1
AAAACATGGA	I177Q-CAG-1
AACGTCGCAC	L89M-ATG-1
AAGACATTCA	F44N-AAC-1
ACAGCCACTG	N12Q-CAG-1
ACATTACCTA	M95K-AAG-1
ATGTAAGCCA	T32S-AGC-1
ATTATGTAAG	S20D-GAC-1
CATTAAAGTA	K254R-AGA-1
CCGTTCAAGA	I221L-CTG-1
CCTTGTCGCA	M132T-ACC-1
CTCTTGACGT	F44W-TGG-1
GCCGGAGCAA	V303S-AGC-1
GCCGGTAATA	I165H-CAC-1
GTGGCAATGG	T42N-AAC-1
TCATAATTCC	F317E-GAG-1
TCGTCTGGCA	L320I-ATC-1
TGATTTAACA	T42E-GAG-1
TTAGTTATTA	R246Y-TAC-1
TTCGTCACAC	R246W-TGG-1
TTCTACCCAT	S20K-AAG-1
TTTGCTTCTG	I24Q-CAG-1
CGTAGAAATA	M132S-AGC-1
GAAAATATTG	L250Q-CAG-1
CCAATCGTTG	L141Y-TAC-1
GACATTAACT	K266W-TGG-1
AATACCTGCT	T42C-TGC-1
ATGTGGCTCT	A16S-AGC-1
CAGGCGCTCA	S200H-CAC-1
TACACACTGG	T32Q-CAG-1
AGTTCATTAC	Q174L-CTG-1
TCATTGCATA	R246F-TTC-1
TTATCTTTAA	A16T-ACC-1
AGCCAACGCA	K254L-CTG-1
TTCATAGTAT	F317I-ATC-1
GCGTCTCACC	L85E-GAG-1
TGGAAGTTTG	V303W-TGG-1
AAAAGTACTT	K254G-GGC-1
CAATCTATGC	H242Q-CAG-1
TGCCAAAACA	I221E-GAG-1
TTCAAACCTA	M295R-AGA-1
AATGTTCATA	M226I-ATC-1
CCTTTTATTT	M95I-ATC-1
GTATCTGGCA	T32E-GAG-1
TTAGATAAGA	I165A-GCC-1
AATTAAAATA	N152K-AAG-1
AAATAGGTAT	L320F-TTC-1
AACTCTATTC	L141M-ATG-1
AATACTGCTA	A129R-AGA-1
ACCCTACAGA	A16S-AGC-1
AGAAATGAAC	I168G-GGC-1
ATAAACATGA	K254P-CCC-1
ATATTACTGC	I165N-AAC-1
ATCCCCACGA	K266P-CCC-1
ATTGTGTAGT	N152K-AAG-1
CCATCCTGTA	F44A-GCC-1
CCCAGTTCTG	L141W-TGG-1
CCTATGTCTG	K254V-GTG-1
CGAACACAGA	F112Q-CAG-1
CGGCCTACAG	F219E-GAG-1
CGTCAATATA	F44S-AGC-1
CTCTGATAGG	Q174C-TGC-1
CTGTCCCTAG	T42M-ATG-1
CTGTTATCCA	N12V-GTG-1
GAAGCTATCT	A148D-GAC-1
GAGTGCGCTG	L141F-TTC-1
GTCGGATCTC	L141W-TGG-1
TAACTTGAAG	F317H-CAC-1
TAGAATCGAA	K266T-ACC-1
TAGTCCGCTG	S20P-CCC-1
TCAACGTTAC	A208I-ATC-1
TCAATCTCTA	L262Q-CAG-1
TCACAAAAGT	T32P-CCC-1
TCGAAGCAAT	I221V-GTG-1
TCGGTTAACA	I165P-CCC-1
TCTCTCTTCA	M226N-AAC-1
TCTGCACATA	I24R-AGA-1
TCTTGGGTAG	S20G-GGC-1
TGACAGTCAA	Q174V-GTG-1
TGGCTCATGA	F44D-GAC-1
TGGTCCCGTT	H242E-GAG-1
TTCCGGACTA	L28R-AGA-1
TTCGTAAAAC	I24F-TTC-1
TTGTATGCCT	R246K-AAG-1
TTTCAGGCTA	T42F-TTC-1
TTTTGATACT	K266L-CTG-1
TTTTTCACAG	H242V-GTG-1
AAGCACACTC	R246C-TGC-1
CTACTCACTT	L320F-TTC-1
AAGCGATTGA	F219H-CAC-1
AGGCCATGCA	I221R-AGA-1
ATATAAAGGC	K254Q-CAG-1
CATCTGATTA	F317W-TGG-1
CCGATTACCG	I160D-GAC-1
GTTCTATGAC	A148P-CCC-1
ACATCGCTGC	L141T-ACC-1
AGTGTTATTA	F219N-AAC-1
CACAGAAATC	A163G-GGC-1
CAGCATTATA	F44T-ACC-1
CCTTAGCTAA	I168K-AAG-1
GCAAAAAATA	A109I-ATC-1
GTATCCTCAC	K232F-TTC-1
TAGAGATCAT	V299R-AGA-1
TATAAACGCC	I24R-AGA-1
TTCTGCTTAG	L262N-AAC-1
AACACGACAA	D318H-CAC-1
GAAATTATCT	F317H-CAC-1
GGAACTTAAA	L141E-GAG-1
GCCCTTTATC	L28Y-TAC-1
AACACGCCCA	D98G-GGC-1
AACCAGGTAG	N152S-AGC-1
AAGACACTAG	T64W-TGG-1
GGGGTATATC	G188K-AAG-1
TCGCCCAGGT	K36E-GAG-1
TAATACGTCA	V303H-CAC-1
AGCAATGAGA	L141A-GCC-1
CCGCCGCCGG	N4K-AAG-1
CCGCTTTTAT	F44A-GCC-1
GAGTTTTCTC	L250M-ATG-1
GCCTATCAGC	L320H-CAC-1
TGACACATGG	V299W-TGG-1
ATGGCTTCAA	W204L-CTG-1
CCCGTATCAC	R246D-GAC-1
GAGTCAGGTA	T42C-TGC-1
TGAATCCGCG	D318Y-TAC-1
TAAGACATCC	I168M-ATG-1
AAGGAATACC	K68H-CAC-1
ACCGTCAACC	M226V-GTG-1
AGAGTTATCT	L262F-TTC-1
AGGTACACGA	T84H-CAC-1
ATCTGAGCCA	L327P-CCC-1
CGCGCGAGTA	L320K-AAG-1
CTAGGTATAC	L320D-GAC-1
CTCGAGGGCA	F44T-ACC-1
GATACCATAA	K266V-GTG-1
GGACTATCAC	I221M-ATG-1
TACCAATTTA	L141E-GAG-1
TACTCTCGAA	T42M-ATG-1
TCAATAATTC	V116E-GAG-1
TCCTTATCTT	F44Y-TAC-1
TGCAAGAGGC	L262W-TGG-1
TGGTTTTCAG	A16Y-TAC-1
AAATAAACGA	H242K-AAG-1
ATTAAAACCA	L89E-GAG-1
CATCTACAAT	I165F-TTC-1
AATCATTTCT	M226Q-CAG-1
AGTAGCTGTG	S20I-ATC-1
ATTGTGCCAG	S200T-ACC-1
CAATTAACAT	Q106V-GTG-1
GCGTTCCGCA	L141S-AGC-1
GTTCTCTATC	K232F-TTC-1
TATTGTATAC	N230L-CTG-1
TCACGACTAC	I160N-AAC-1
AAACGTCATG	F219S-AGC-1
CAATTATTAT	F44D-GAC-1
CCTATAAAAA	A148Y-TAC-1
CGGGTTCTTT	M76V-GTG-1
CTCGACGTAG	F44C-TGC-1
GCCACCTGCC	V299H-CAC-1
GCTGCCCATC	L85F-TTC-1
GTTATCGATT	F44N-AAC-1
GTTTGCGTAA	L250E-GAG-1
TAGAATAGCC	F130W-TGG-1
TCCGTCTTGT	A16N-AAC-1
TCTGTTTTTT	N152Y-TAC-1
TTTAATTTCA	A163C-TGC-1
AACATAATAA	A163E-GAG-1
ATCCGGCCTA	F317T-ACC-1
GAAGGTCAGG	T32S-AGC-1
GGTATAATAA	R246L-CTG-1
AACCAAGGGT	L92H-CAC-1
ATGCCATTAA	L141W-TGG-1
CCTTCTCATT	T40G-GGC-1
GAAGGAACGC	L85K-AAG-1
TACGATCAAA	S20R-AGA-1
TTCCGCCAAG	T238Q-CAG-1
TTGTTCACAA	S20H-CAC-1
ATACCAGGGG	A148G-GGC-1
CTGGATGGCC	K254P-CCC-1
TAGAGCAAGA	V105L-CTG-1
TTCTGATTAC	T42K-AAG-1
AACAACACAT	K266I-ATC-1
AGATCTGCCC	T238M-ATG-1
ATCCGACACA	A16G-GGC-1
CACTAGAACT	L262R-AGA-1
CCAGACGCTT	I168V-GTG-1
CCTTACCGAA	H242R-AGA-1
CTCACGATGC	I168Q-CAG-1
CTTTTCAGCA	I24C-TGC-1
GCCATGCGGT	L141F-TTC-1
TCATGGACAC	Q174M-ATG-1
TCCATATTTG	L141E-GAG-1
TGAACGCCTA	V299E-GAG-1
TGAGTCATTT	S49P-CCC-1
TGATTCACAA	L141H-CAC-1
ACGGCTTTGA	I221D-GAC-1
ATTGCATGCA	I168Y-TAC-1
CAAACCGCAT	K68S-AGC-1
GAGCGTACCT	S20N-AAC-1
TACATTATTA	I228C-TGC-1
TTGCGTGGAA	F271Y-TAC-1
TTTACTCCCC	L320I-ATC-1
CGTAACAACT	K266N-AAC-1
CGTATTCTGT	H242W-TGG-1
CTAGCGGGGA	L141G-GGC-1
GCACATTTTA	L92H-CAC-1
TATCACGGTT	F44R-AGA-1
CACGACAGTT	L250D-GAC-1
TAAATGTTTT	V196F-TTC-1
GTATAACCAA	I168M-ATG-1
AAGTCGCTTG	F44A-GCC-1
ACAAATCATT	A16P-CCC-1
ACGATCAAGA	L250D-GAC-1
ACGCATTGCC	D318V-GTG-1
AGCTTTACAA	S49P-CCC-1
ATCACAAGCT	N12V-GTG-1
ATCGCATCTT	V196A-GCC-1
CAACCCTTTG	L250Y-TAC-1
CCATACCGGC	V196Q-CAG-1
CCCAGGTTTC	L141K-AAG-1
CGTCAGCTGA	L250E-GAG-1
CGTTGATCAA	I221H-CAC-1
CTCACTTTGA	T32N-AAC-1
GACGAGACTA	T32Y-TAC-1
GCGGCCTCCG	D318T-ACC-1
GGAAAGTTAT	K254F-TTC-1
GGAACCAGGA	N4Y-TAC-1
GGACCAGGCA	I221N-AAC-1
GGTATTGCTA	H242W-TGG-1
GTCGCGGATA	T42N-AAC-1
GTGCTCCGAC	A16S-AGC-1
GTTACTATAT	S20C-TGC-1
TAAACACCCA	L141E-GAG-1
TACCCGCTAA	K68V-GTG-1
TACCGGCTCT	F44H-CAC-1
TATCAAGGTT	L137E-GAG-1
TATGACGAGA	A163H-CAC-1
TATTTGACAA	A16G-GGC-1
TCACTGTACC	P258V-GTG-1
TCATCTTTCT	V105N-AAC-1
TCATGATGTA	A208S-AGC-1
TCTCAAGTTT	I221G-GGC-1
TCTTATCCCA	S20G-GGC-1
TGCGCGAGCA	T238R-AGA-1
TGGCCACAAC	L28I-ATC-1
TGTAAAAACG	N152D-GAC-1
TTTATATATC	N4P-CCC-1
TTTTATCGGA	N4W-TGG-1
ACCGGCGTAT	L89K-AAG-1
AGCACGCAGT	H242L-CTG-1
GTTCACTCAT	T32V-GTG-1
TGTTTCACTT	T42S-AGC-1
AATAACAGTT	F310C-TGC-1
ATATAAGCAA	F219H-CAC-1
ATCCAAAAGA	K36R-AGA-1
CAATTTCAGC	I221M-ATG-1
CAGCAACCGG	A16L-CTG-1
CATACGTCTA	L141M-ATG-1
CGCTAATAAG	N152D-GAC-1
CTGGTACCCA	I160S-AGC-1
GCCGATCTCT	M95S-AGC-1
GCCTTTTGCC	I160N-AAC-1
TAAATGCAGT	L320Y-TAC-1
TATAGTGAAA	S20G-GGC-1
TCTAACCGGT	A16G-GGC-1
TGGGGTACCC	S136C-TGC-1
GCGTTATGTA	A311R-AGA-1
AAAATGAACG	L250N-AAC-1
AAATACGCGC	I165N-AAC-1
AATTTATTCT	I221T-ACC-1
ACACACCAGA	L92Q-CAG-1
AGCCTAGATT	L137Q-CAG-1
AGCGCTGCTA	N53T-ACC-1
AGTATGGTTA	A16H-CAC-1
ATGATAACGA	K36G-GGC-1
ATGATCTTAG	I165K-AAG-1
CCAAGAACCC	I221P-CCC-1
CGCCCGTCCA	R246K-AAG-1
CTAAATGTAG	R246E-GAG-1
CTTCGCTACG	L320Y-TAC-1
CTTTCAACTT	A16D-GAC-1
GGTCAACCAC	I177S-AGC-1
GTAACCGCTA	N152S-AGC-1
GTACGGCTGC	L141F-TTC-1
TAAAGAAAAA	F271S-AGC-1
TAATCATTTA	I168D-GAC-1
TATTGCTCGC	L141N-AAC-1
TCAATGCGAG	Q174C-TGC-1
TTTATACATC	A16R-AGA-1
AGCTATAAAA	K232G-GGC-1
ACGATTAATA	M95V-GTG-1
ATATTAAGTA	F44K-AAG-1
AGTTGTAATA	F44L-CTG-1
ATATCTGCGT	I221S-AGC-1
ATGAGTAAAC	L141W-TGG-1
CACACTATCT	W204L-CTG-1
CCGTTCACCT	L120P-CCC-1
CGGTATCTCA	S49Y-TAC-1
GAACGGGCCT	T42I-ATC-1
GATTGCCCCC	T32G-GGC-1
GCATTTACGA	M95V-GTG-1
GCGGACTGAA	A208T-ACC-1
GGCTTATAAC	I165V-GTG-1
GGTAAACTCT	V196Y-TAC-1
CGGGAACATA	L85C-TGC-1
TTAGCAAACA	V116I-ATC-1
GTAAGAATTC	F317E-GAG-1
AACATGAAAT	I221A-GCC-1
AATGCTTTGA	F317R-AGA-1
ACTTCCTAGC	F271D-GAC-1
AGCCTAAAAA	F271M-ATG-1
ATGGGCCAAC	D98A-GCC-1
CAACATTCTT	M95H-CAC-1
CAATAAAAGA	H242E-GAG-1
CAATCATCGC	K266H-CAC-1
CCTTCTTTAC	W204K-AAG-1
CTGGCTGTGT	L89V-GTG-1
CTGGTCTGGC	V303P-CCC-1
GATATATTAT	L141P-CCC-1
GTAATATTGC	L141Y-TAC-1
GTACCTGTTC	F219A-GCC-1
GTATTGATCA	F44N-AAC-1
TCGTATCAAG	K266C-TGC-1
TGGTACAACC	A16Q-CAG-1
TTAGTCTTTG	F44Y-TAC-1
TTGGCAGCAT	L28A-GCC-1
TTGTGAAATT	F219M-ATG-1
TTTCTTTTCA	N12L-CTG-1
TTACGAAAGC	M95V-GTG-1
GCAAATCATA	M132E-GAG-1
ACAGTAAGGA	N4K-AAG-1
ACCTAGAACA	F44N-AAC-1
AGGGACATAC	K254N-AAC-1
CCGTATGAAC	I221E-GAG-1
CGCACGCGTC	L89E-GAG-1
CTCGAACGCT	G188M-ATG-1
GGTATGCACC	N230S-AGC-1
TATCTCTTAA	I221T-ACC-1
TCTTACGAAC	L141K-AAG-1
TTTATAGGCT	K254A-GCC-1
AGCTATTATA	L250G-GGC-1
ATGCTCAGTT	L250E-GAG-1
CCATCAAGAG	I165G-GGC-1
TATATTTTAT	L141A-GCC-1
TGCAAATTTG	W204Q-CAG-1
TGCTTGTTAG	F219I-ATC-1
TGGTGATCCA	N4D-GAC-1
AGGAGGCGTT	T32M-ATG-1
GCGTATCTAA	L92W-TGG-1
TCGGATTCAC	S49K-AAG-1
TGTAATGCCA	L175V-GTG-1
TTTATATACA	I165D-GAC-1
AAAGTCGCCT	T42G-GGC-1
AAGGTAAACC	V299M-ATG-1
AAGTACTTGC	R246V-GTG-1
AATGTTCGAA	I221A-GCC-1
ACATACTTCT	T238L-CTG-1
ACCCATGCGC	M132T-ACC-1
AGTTAGCCAA	G188H-CAC-1
AGTTTATGCT	L141K-AAG-1
ATAACAACCG	L250D-GAC-1
ATATAACTTA	I168W-TGG-1
ATGAGCTCTG	F219M-ATG-1
ATTCGGACAT	T84N-AAC-1
CAAAATTAGA	T42C-TGC-1
CATCCGATAA	F44V-GTG-1
CCCCAAACAA	H242P-CCC-1
CCTGCACGCA	V196L-CTG-1
CCTTTCAATA	N53T-ACC-1
CGAAATACAA	F317E-GAG-1
CGACGGGGGA	V116P-CCC-1
CGCATACGAG	M295V-GTG-1
CGGGGTATAA	M226R-AGA-1
CGGTCGCATT	S20P-CCC-1
CGTAAACAAT	Q174Y-TAC-1
CTACTTATGA	K266H-CAC-1
CTCGATCCTA	A148K-AAG-1
CTGTTGGTAG	M226I-ATC-1
GACAGTTCCA	I168T-ACC-1
GACGCCCACG	T40V-GTG-1
GAGTTGATTA	N53D-GAC-1
GATAACGGAG	L141V-GTG-1
GATTTCATTA	V303E-GAG-1
GCAAGTGTAC	S20R-AGA-1
GGAAAGGCAT	F44V-GTG-1
GGGTTAACTT	L141N-AAC-1
GGTGAGTCAG	T238C-TGC-1
GGTTGTTGCA	A16Q-CAG-1
GTATATTAGG	S200C-TGC-1
GTCCAATAGT	K266V-GTG-1
GTCGTCTAGG	W204C-TGC-1
GTGGCACACC	R246F-TTC-1
TACTAGATAA	T42M-ATG-1
TACTGAGGAA	L89K-AAG-1
TATGCGCAAT	E8T-ACC-1
TCACATAAAA	F44L-CTG-1
TCAGGAATAC	F219H-CAC-1
TCGATATATT	I168T-ACC-1
TCTGCTAACA	F44Y-TAC-1
TGCAAGAGTA	I168D-GAC-1
TGCTTTGCTA	I168V-GTG-1
TTCAGAAGGC	I221H-CAC-1
TTGCCAGACA	K36D-GAC-1
TTTACTCTAA	M95G-GGC-1
CTTAGAGCGT	A208I-ATC-1
TTTAAGTAGA	A148M-ATG-1
AAATACTGCA	N53F-TTC-1
AATCATTTGA	T32H-CAC-1
CAATTATCAA	E156W-TGG-1
TAAGTGGTTC	F44W-TGG-1
TCACGATTTG	T64M-ATG-1
AATCGGGCGT	K68C-TGC-1
ATATGACACC	L320W-TGG-1
TTCGCCTTCT	E8V-GTG-1
ACATACCGAC	I221N-AAC-1
ACGCGCTCAC	A148P-CCC-1
AGCTAAAAGG	I160H-CAC-1
AGTGTTAGAA	I221S-AGC-1
ATCGCGCTCC	F219M-ATG-1
CAAGCGAGTT	A16F-TTC-1
CGGAATATAC	R246C-TGC-1
CTAAAGACTA	I165K-AAG-1
CTGGAACTAG	T32W-TGG-1
GGAATGAGAC	F44D-GAC-1
GTGATGCACT	A311G-GGC-1
TAATAATAAA	T32R-AGA-1
TACACATATC	A148N-AAC-1
TACATCCAAG	F219D-GAC-1
TAGGTTACGC	T32S-AGC-1
TATTCACGAC	Y322A-GCC-1
TTTCTTCCCA	G188I-ATC-1
AAAAAAAGAC	V299L-CTG-1
AAAATAAACG	L141K-AAG-1
AAAATGGATA	I221C-TGC-1
ACGGTTACAG	I24L-CTG-1
ACTTATCCGA	K266W-TGG-1
AGCAACCAAC	S200I-ATC-1
ATACCAAAAC	A148F-TTC-1
ATACGTGCTG	I165L-CTG-1
CAAAGTTTAG	F44K-AAG-1
CAACAGCAAC	L141W-TGG-1
CAAGCATCAT	L92Q-CAG-1
CATGCGGGAA	N12K-AAG-1
CCTCGCTTTA	F44T-ACC-1
CGGTACTATT	P258Y-TAC-1
CGTATCCAAC	D318H-CAC-1
CTATACCTTT	F219M-ATG-1
CTTTTATGAA	I160H-CAC-1
GAAATCAGGC	A16K-AAG-1
GATATGCATT	Q174V-GTG-1
GATCGAGTCA	A208Y-TAC-1
GATTACACAA	V196M-ATG-1
GCAGCAGCTA	K266Y-TAC-1
GCCCGAAAAT	L250Q-CAG-1
GCCTCCATGG	L250M-ATG-1
GCTAACGACA	L141H-CAC-1
GGCGGCTACA	F44R-AGA-1
GGTAGCGTTA	L141G-GGC-1
GTACATTTGG	T42Q-CAG-1
GTCCCATCTT	S20D-GAC-1
GTGATAACTA	N152S-AGC-1
GTTTCCAATC	R246S-AGC-1
TACTCAATGT	F219S-AGC-1
TAGAAAATAT	V303E-GAG-1
TAGATCTAAA	F44N-AAC-1
TATATCCGTA	A51S-AGC-1
TATGAAAACT	T238K-AAG-1
TCAAGCTAAA	F44C-TGC-1
TCTATCGTTA	N4W-TGG-1
TGCTATTTCA	H242A-GCC-1
TGGAAAAATA	I221D-GAC-1
TGGAATCGGG	G188L-CTG-1
TGGAATTTAC	F317I-ATC-1
TTATTCTAAT	I165R-AGA-1
TTTGGCTTCC	W204Y-TAC-1
AAGGCAACAA	L262W-TGG-1
AGGAGCTTGA	F44C-TGC-1
CACTCTCTAT	S20K-AAG-1
CCAGAATGTC	A16F-TTC-1
CGAAGTTTCG	H242N-AAC-1
CTCCCTGCAA	A16F-TTC-1
TACCGACTCA	V196Q-CAG-1
TCCGGGCGCC	E8M-ATG-1
AAGAACCATC	K36E-GAG-1
AAGGTGATTT	I221V-GTG-1
ACTTGGCTGT	L141A-GCC-1
AGTATTTGAC	H242P-CCC-1
AGTTGCACAG	S200G-GGC-1
ATTTGACAGA	M76R-AGA-1
CACTAAAACA	A16Q-CAG-1
CATCCGCTAG	I168S-AGC-1
CCCACAAGGA	K266C-TGC-1
CGGAAAATAT	A16P-CCC-1
TAAGGCAAGG	F44D-GAC-1
TGCTCCGGAA	I221P-CCC-1
TGGACGATAA	K266Q-CAG-1
TGTGGGAAAA	F44Y-TAC-1
TTAATAAAGC	N12S-AGC-1
TTCATCTCGT	A16I-ATC-1
TAGCGGCACA	F44Y-TAC-1
ACTCAATATA	R246V-GTG-1
TTAATTGGTA	L327H-CAC-1
AGACACTCAA	T32A-GCC-1
CCAAGCCCTA	I24F-TTC-1
CCCCGCAACA	K232N-AAC-1
CTTAAGTATA	N12L-CTG-1
GGCTAAGCCA	F317P-CCC-1
TTACCGCTAA	T64E-GAG-1
ATCTCAACGA	N12K-AAG-1
CACCGACATC	T84N-AAC-1
CGTTGCAGTA	Q174T-ACC-1
CTCTCATATA	V303G-GGC-1
GATATCTTAA	N4S-AGC-1
GTGCGGCTAC	S49P-CCC-1
TACCCCTCTA	T42W-TGG-1
TGTAAGAACA	I221W-TGG-1
TTCGGGACAA	F219M-ATG-1
ACAATGCTGT	T32I-ATC-1
AGATTTCAAC	L92Q-CAG-1
AAACAATTCT	L89K-AAG-1
ATATGTATCA	K254P-CCC-1
ATGTTCGGCT	I165N-AAC-1
CCTATCTTTA	A16V-GTG-1
CCTTCAAGCT	L320F-TTC-1
CTAAATGTTA	Q174V-GTG-1
GCAAATTTCA	L141F-TTC-1
GCAGCGATCC	K254D-GAC-1
GGAACCCGCA	N152F-TTC-1
GTTATTATCC	I168C-TGC-1
TAAAACCACC	I168E-GAG-1
TAAAGACTAA	Q174C-TGC-1
TAACGAAATA	I221S-AGC-1
TACCACCACT	F219W-TGG-1
TCGCAGCGTA	M132G-GGC-1
TGAGACCACT	A16S-AGC-1
TGCATAATCC	K266Q-CAG-1
TTAAGCCCTA	I160K-AAG-1
AGCCATAACA	L141N-AAC-1
CAAGGCGCAG	L320W-TGG-1
CGAAGAATAT	L175Y-TAC-1
CTGCTGAAGA	L141Y-TAC-1
GAAGCCAGCG	L89V-GTG-1
GCCTGTATAA	K266I-ATC-1
GCCTTTACTG	A16D-GAC-1
GTCATCGCAA	A16Y-TAC-1
TAATTAAGTA	K266F-TTC-1
TGGGTCACCT	T42G-GGC-1
TTAAACGCCT	K254M-ATG-1
TTCGACGCAG	V116S-AGC-1
TTCGGTGTTA	A16V-GTG-1
AATAAGGCTA	N53H-CAC-1
ACGCTAGACA	T32Y-TAC-1
ATATAGATCA	H242C-TGC-1
TATCATTTAT	M295Y-TAC-1
TGCTTACTAT	K72M-ATG-1
TTCAAAACGA	M132Q-CAG-1
GATTAAATCA	L250H-CAC-1
GTGGATCTGA	N53H-CAC-1
CACTTCTGTC	L141N-AAC-1
CTTAAAATGA	I165S-AGC-1
AAATCGGCAT	M76K-AAG-1
AACTGCGCAG	S200H-CAC-1
ACGCCCTGAG	T32P-CCC-1
ACGGGGAATA	I168Y-TAC-1
AGACCTACCC	A16H-CAC-1
AGTTACGCAC	V299F-TTC-1
ATATATACAG	L92Q-CAG-1
ATCAAATAAC	I221C-TGC-1
ATGTGTACAG	T32I-ATC-1
ATTCTCATGA	K254M-ATG-1
ATTTATCAAA	A16K-AAG-1
ATTTTCACAC	A148F-TTC-1
CACTATACCC	L250H-CAC-1
CAGCAGCAAG	W204R-AGA-1
CCGCGCTATC	I221F-TTC-1
CGCGCGCTAT	A16G-GGC-1
CGTAATATGA	N4H-CAC-1
CTAATGGGAA	H242R-AGA-1
CTACTCTCCC	H242A-GCC-1
CTTATCACGT	S136I-ATC-1
CTTTAACGAC	E8H-CAC-1
GAATTATGCT	I228D-GAC-1
GACCTTCGCA	F271H-CAC-1
GATTTATATA	L320V-GTG-1
GCGCGCTTAA	L250T-ACC-1
GGTGAGCAGG	F44M-ATG-1
GGTTAGAAAA	V116H-CAC-1
GTAGACCCCT	V303K-AAG-1
GTTGCTGCGA	I165S-AGC-1
TACACAAGAG	A16T-ACC-1
TACTACTTAA	I221W-TGG-1
TAGCCATGCA	S200F-TTC-1
TAGGTTGCGC	E8Q-CAG-1
TCCAGTATCC	L250P-CCC-1
TCTTTCGTCA	A51T-ACC-1
TGTATAATTA	S200G-GGC-1
TGTTTGCGAT	A208P-CCC-1
TTCGCCTGTT	N12V-GTG-1
TTTAAGACTG	F310A-GCC-1
GAAGTGCTAA	L250E-GAG-1
CAATCCATCA	V196R-AGA-1
CTTATATATA	F219R-AGA-1
AGTAACTTAC	I221G-GGC-1
ATCGCAACCC	I160D-GAC-1
TTTTGCTCTA	V116Q-CAG-1
AAGGATCGGC	F310G-GGC-1
ATACGGGCAA	H242Y-TAC-1
ATGTCTCTTA	S20C-TGC-1
CATATACGCA	N152Q-CAG-1
GATGTCGCTC	N230K-AAG-1
TCCGACTCAC	F112A-GCC-1
AAACCGTACA	R246G-GGC-1
AACTCAAGCC	I165S-AGC-1
AATTTGGAAT	F44L-CTG-1
ACGGTAAAAA	L320N-AAC-1
AGCCTAGAAT	H242E-GAG-1
ATGATCTGCC	N4K-AAG-1
CAACTCTAAA	F44G-GGC-1
CATCGTGTGT	R246K-AAG-1
CTAATGGCCG	V116Q-CAG-1
CTAGCTACAC	L250W-TGG-1
GAAAAAGTAA	K266M-ATG-1
GACCAATTAC	I165M-ATG-1
GCCATTAGTA	F44Y-TAC-1
GGTGGAAAAG	N4R-AGA-1
GTGCACCACC	F219G-GGC-1
TCTTCTAATC	I221V-GTG-1
TCTTGAAGCC	I221R-AGA-1
TGAGGCTAAC	V196T-ACC-1
TTTCTTAGCT	I165G-GGC-1
TTTGTACCAG	A16K-AAG-1
CCTCAATTAC	I221T-ACC-1
ACCAGGAAAC	F317I-ATC-1
ATCGAACGAA	L137A-GCC-1
ATGCAGTATC	T238W-TGG-1
ATGTTCACTT	L320A-GCC-1
CAACAGATAC	K254L-CTG-1
CCGTTCTGTT	T40K-AAG-1
CTCTTTCAAC	T32N-AAC-1
GATAGCGCTA	L141M-ATG-1
GATATAAACA	L141H-CAC-1
GCGCCGCTTC	K254G-GGC-1
GTAAATTTAG	H242N-AAC-1
GTATTATAAG	I165E-GAG-1
TAAAACGCCC	L320I-ATC-1
TAACTGGGAT	E156R-AGA-1
TACTTTCGCG	F192E-GAG-1
TAGAAAGTAG	M132K-AAG-1
TAGAGATCCA	H242Q-CAG-1
TAGAGTTATA	A16C-TGC-1
TCGAACGCCT	K254M-ATG-1
TCGAATGGTA	K266S-AGC-1
TCTATTCGTT	S20L-CTG-1
TGGAACGAAA	A16E-GAG-1
TTACATCGTC	F130I-ATC-1
AAAATTATGA	R246D-GAC-1
AAACGGTTAT	H242G-GGC-1
TGCCGATCAT	I221M-ATG-1
AGAATCACTA	F44S-AGC-1
CATAGGCACA	I165A-GCC-1
CCAGTACACA	L141F-TTC-1
CGTATAAGAC	L141Q-CAG-1
TAAGGGAAAA	K266Q-CAG-1
TATATACTGT	N152I-ATC-1
TGAGGCCTTA	N4K-AAG-1
TGTCCCCTTC	L141R-AGA-1
TGTAATCCAG	F192C-TGC-1
AGGGTTTGCC	F310T-ACC-1
TAAGTATTAA	K266I-ATC-1
AACCGCCAAT	L141Q-CAG-1
ATAGATCGAT	Q174K-AAG-1
CGGGGTGCAA	S49A-GCC-1
GAATTAGATA	L141Q-CAG-1
GGCCAATATG	L141A-GCC-1
GGGCTTGTCT	P258K-AAG-1
TAACTGAAAT	I221D-GAC-1
TTAGGATGCA	T42P-CCC-1
TTATACCCGT	I221E-GAG-1
TTGCGTGTAA	L137M-ATG-1
AAATACCATA	L285R-AGA-1
AAGGGGTAAC	S200P-CCC-1
ACACGCACGC	L89E-GAG-1
ACATGCGTGA	I165G-GGC-1
ACCACATACA	T42A-GCC-1
ACCAGCTTTA	F317T-ACC-1
ACTCGTGCTA	I221P-CCC-1
AGCTCTCCTC	F112Y-TAC-1
AGGTGGAAAT	L320V-GTG-1
ATCACCCTCC	K68L-CTG-1
ATGTCAGATG	S136A-GCC-1
ATGTTCTAGC	M132F-TTC-1
ATTACAAAAA	F44W-TGG-1
ATTCGGCTCG	A16D-GAC-1
ATTTAGTAAT	F44R-AGA-1
CAAACTGCTA	I221D-GAC-1
CACCAGCACC	G188Y-TAC-1
CACTCCGAGA	I165R-AGA-1
CAGTACGAAA	L85M-ATG-1
CATCACACAT	L141I-ATC-1
CATTTGAACT	K266C-TGC-1
CCCGGAGCCC	E8V-GTG-1
CGGTATAGAT	Q174K-AAG-1
CTTACGTTCT	D98L-CTG-1
GAAGTAACCC	N152D-GAC-1
GAGTATTGGC	F44N-AAC-1
GCAGATCGTA	K72G-GGC-1
GGGTTATATC	F219D-GAC-1
GTACATCAGC	A148K-AAG-1
GTCTACACCC	N4V-GTG-1
GTTATGTTTC	L141Y-TAC-1
GTTCAGCATT	F44Y-TAC-1
GTTGCATATA	F44T-ACC-1
TAAACCAGGA	F317H-CAC-1
TAAGCCGCTC	K266T-ACC-1
TAATTTCAAG	R246A-GCC-1
TAGTAGGCAA	I168E-GAG-1
TATATACGTA	V116R-AGA-1
TATGGACATG	L141R-AGA-1
TCCCCAGAGG	T40I-ATC-1
TCCGCAGCAA	A16P-CCC-1
TCGAAACTCC	I168H-CAC-1
TCTAATTTCC	G188W-TGG-1
TTAATTTTAG	A109V-GTG-1
TTCCAAAGAT	L320Y-TAC-1
TTCCACACAT	N152D-GAC-1
AACGGGTCTG	I221K-AAG-1
GACTCGTAGC	K266R-AGA-1
GGAGATAATT	Y322H-CAC-1
TGAGTCAATA	I165Y-TAC-1
TTCACACTTA	I165P-CCC-1
TTTGTGTAAG	L141A-GCC-1
TTTGTCTAGA	L89H-CAC-1
AAAGACAAGA	Y108Q-CAG-1
AAATAATACA	T40I-ATC-1
ATAACGTCCG	H242G-GGC-1
ATGTATTAGA	D318E-GAG-1
CACATCGCAA	K72E-GAG-1
CGAAAAAGTC	L250M-ATG-1
CGCATAAAAT	L92K-AAG-1
CTCCTATCTA	I160S-AGC-1
GAGTACCAAA	V105S-AGC-1
GCGTGTCATA	S20N-AAC-1
GTATACCTAA	L320H-CAC-1
TAACATGGTA	K254D-GAC-1
TGCTAGCTAA	V116L-CTG-1
TGCTCCTGCT	I221M-ATG-1
TGGCGACGTA	K68N-AAC-1
TTAGTAAGCC	T42A-GCC-1
TTATTACAAC	A148I-ATC-1
TTGGTGACAG	V196A-GCC-1
ATGATGGATA	F44L-CTG-1
AACCAGAGAG	T40N-AAC-1
AAGTTAAGAT	A148D-GAC-1
AATTTATAGA	L92K-AAG-1
ATTTGCTTAA	L141A-GCC-1
CCTCATTAGC	L141D-GAC-1
CGAGTAGTTT	A208S-AGC-1
GTCCCTCGCT	V196Q-CAG-1
TAGTATCATA	F271A-GCC-1
TTCATCAAAA	S200G-GGC-1
ATGCTTATAA	T32F-TTC-1
AATCATAAGA	F130Y-TAC-1
ACGGAGGCTA	T238N-AAC-1
ACTCTTCTTA	A16V-GTG-1
AGCAATACTA	F44H-CAC-1
AGTAATATAA	I228Y-TAC-1
ATCAGAAATT	N230L-CTG-1
ATCCGATTTA	L141G-GGC-1
ATGATTACCT	S20T-ACC-1
ATTCACTAAA	M132P-CCC-1
CATACTTGCA	I228N-AAC-1
CCCGGCTGAA	F219C-TGC-1
CGATGGAGCA	K232H-CAC-1
CTATATTCCG	I165S-AGC-1
CTGTCGGGAT	F219M-ATG-1
GAAGGCAACG	F44N-AAC-1
GACTATTCGA	V116R-AGA-1
GCTTGCGTAA	L85H-CAC-1
GGTCGTTGCA	F219M-ATG-1
GTCAAAGAGT	F130Q-CAG-1
TAAGGTCGTA	F271T-ACC-1
TACGGTCGCA	L137M-ATG-1
TAGGGCTTCT	I168W-TGG-1
TATATCCTTA	I221L-CTG-1
TCAATTACTG	T32G-GGC-1
TCATGGGATT	L320T-ACC-1
TTACGCATGT	L141I-ATC-1
TTCTGTTTGT	A16Y-TAC-1
TTGAACGAAC	I221L-CTG-1
TTTCAGCCGA	K68N-AAC-1
TTTTTTACTA	D318P-CCC-1
CGAGCGACTC	F310V-GTG-1
TCGTATGCTA	R246N-AAC-1
AAAGATCTAT	T32P-CCC-1
AAATGTATCA	T32R-AGA-1
AATCCTGGCA	A148I-ATC-1
ACACAAACCA	I165M-ATG-1
ACGGGGAAAG	V196Q-CAG-1
ATTTGATTCA	I165Y-TAC-1
CAGAAAGGTT	I165N-AAC-1
CATTTGATCA	A148P-CCC-1
CGCTCATATT	F44V-GTG-1
CTACGAACTA	Y322Q-CAG-1
CTATCTCAAT	W288D-GAC-1
GAGCATCCCA	H242Q-CAG-1
GCCACGCGCA	F44I-ATC-1
GCTATGCTAC	N12G-GGC-1
GGAGGAAAAT	A51E-GAG-1
TATTAGAGTC	I221H-CAC-1
TCTCTGACGG	K36E-GAG-1
TGTAAAAGGC	A16E-GAG-1
TTCGGTTCAT	H242N-AAC-1
TTCTCAAACC	F130E-GAG-1
ATTTATTCAA	R246G-GGC-1
CAAGCTCTGT	A109E-GAG-1
CGAAAAAGAA	Q174L-CTG-1
GACGGTATTA	L92Q-CAG-1
GGATAGTTTT	I221E-GAG-1
GGTCCCCCAA	V196W-TGG-1
GTTCTCATGT	L85P-CCC-1
TACAGACACC	T40A-GCC-1
AAGCCTGTGT	K266E-GAG-1
ATAAATCTTA	T40S-AGC-1
ATATGCCATA	T42F-TTC-1
ATGAAATTAA	I221T-ACC-1
CATAAGCTTA	I165N-AAC-1
CTCTAGAGCA	T40V-GTG-1
GAAGATCTTT	L141Y-TAC-1
GGGCATTATG	I160E-GAG-1
CAAGGTTTGA	H242K-AAG-1
TGAAATGATG	L250W-TGG-1
TTCATCTTTT	I221W-TGG-1
AATAAAACCT	I221W-TGG-1
GGATCTGCGC	L250R-AGA-1
TTGTGGACTA	S20K-AAG-1
AAAAAAGGCC	M76T-ACC-1
AAAATACAGA	L320H-CAC-1
AAACAGTCGA	K254M-ATG-1
AAATCTATCA	L141T-ACC-1
AACCTCTATA	I221T-ACC-1
AAGCTCCGCA	L141Q-CAG-1
AAGGTTGACA	F44E-GAG-1
AATCGGCCCA	R246I-ATC-1
ACACCGAAAA	F44S-AGC-1
ACCCTGCGTA	T40P-CCC-1
ACGTCCCCTG	L85T-ACC-1
ACTACTTAAA	F219E-GAG-1
AGCCACCTGG	F44I-ATC-1
AGTATTGGAT	A148Q-CAG-1
ATAATTATAA	T32H-CAC-1
ATCAGTGTGT	I165E-GAG-1
ATCGCATGAA	L141P-CCC-1
ATGGTATATA	K266Q-CAG-1
ATTCACGTTG	F219H-CAC-1
ATTTTGATTC	A208I-ATC-1
CAATGGGGTA	F44G-GGC-1
CACTAAAGCG	R246W-TGG-1
CATCCGCTTA	T40P-CCC-1
CCATCCCTCA	D318A-GCC-1
CCCAGTACCA	I221D-GAC-1
CTCGCTTATG	I168G-GGC-1
CTGAAAGTTC	M76Y-TAC-1
CTGTTGTTCC	I221T-ACC-1
CTTATCCGCA	K232H-CAC-1
CTTCAATACA	L285T-ACC-1
GAAAAACCGA	F44L-CTG-1
GAAAACTGTT	L141Y-TAC-1
GAAAATAACA	K266I-ATC-1
GACCAACGAA	I221M-ATG-1
GCCCGTTAAT	I221A-GCC-1
GCCGCTCCAA	I168Q-CAG-1
GCGATCAAGG	A51E-GAG-1
GCGGACACAA	E8M-ATG-1
GGAAATCGCA	L262N-AAC-1
GGAGCCTGTC	L28D-GAC-1
GGCACCAGGA	L141T-ACC-1
GGCTACGTTG	M95V-GTG-1
GGGGCACGGT	I221P-CCC-1
GGTTATAAAA	A163T-ACC-1
GTAACGTCGT	M95K-AAG-1
GTAATCGTAC	W288Q-CAG-1
GTACTGGCTT	I221W-TGG-1
GTATCAGATG	V196I-ATC-1
GTATTCAATA	S200Y-TAC-1
GTCACGGGCT	F44S-AGC-1
GTCTACCAGG	D98V-GTG-1
GTCTCGCACA	W204L-CTG-1
GTGCAGCAAC	T40S-AGC-1
GTTCAGCTCA	L89H-CAC-1
GTTCAGTGTT	Q174N-AAC-1
GTTTTGGGCA	I160N-AAC-1
TAATAAGTCA	I228Y-TAC-1
TAATACCGAC	A148Q-CAG-1
TACTAAAAGG	K68M-ATG-1
TAGTAAGAGG	T32K-AAG-1
TCAACATTTG	R246G-GGC-1
TCCAAGAAAT	D318C-TGC-1
TCTAGCTATC	K266S-AGC-1
TCTCAAATAA	T32N-AAC-1
TCTGCGGATC	H242A-GCC-1
TGAAATAGTA	I221W-TGG-1
TGCCCACACA	I228Y-TAC-1
TGTACCAAAT	T32V-GTG-1
TTACATCAAC	K254L-CTG-1
TTATACTTAA	R246S-AGC-1
TTATTAATAT	Q106Y-TAC-1
TTCAGGCGAT	M226V-GTG-1
TTCGGAACAA	L141R-AGA-1
TTCGTTGTTA	A163E-GAG-1
TTGTGTATAG	T84A-GCC-1
TTTAATACTA	L285P-CCC-1
TTTACGAGAC	V196A-GCC-1
TTTAGTTCTG	A16H-CAC-1
TTTTCTAGCC	L141H-CAC-1
AAGGTGTCCT	R246K-AAG-1
TGTCTTGGCC	T238E-GAG-1
CCGCGTTCCA	V303E-GAG-1
ATTAGACGAA	F317V-GTG-1
ATTAGGCCTT	M95W-TGG-1
GTAAGCCTTT	K266S-AGC-1
AAGGAATAGC	S20V-GTG-1
ATTAAGAACG	F192I-ATC-1
CCCTTCGAGA	I221N-AAC-1
CTGACTTGCT	K266N-AAC-1
TCTTTTAAAT	V196R-AGA-1
TGCTACGCTC	N53I-ATC-1
AACACATTAA	K36L-CTG-1
AGCGAAACTC	F219A-GCC-1
ATCCTGGTGA	V196Q-CAG-1
CATACATCGC	I221G-GGC-1
CCGAACTAAC	M132Q-CAG-1
CGACTCATAG	L285K-AAG-1
GTTGCGATGG	W204L-CTG-1
TACAAACCTA	I160T-ACC-1
TCATTGCGAA	F219R-AGA-1
TTGCTGCTAT	I160C-TGC-1
ATACGATTAA	V303N-AAC-1
AACACTGCAG	F271C-TGC-1
AAGAACATTA	I168F-TTC-1
ACATTACTCT	L141P-CCC-1
ACTTGGACAT	N53P-CCC-1
ATCCTTGGGG	V196D-GAC-1
ATGTGTAATG	I168V-GTG-1
CACCGTGATA	A16H-CAC-1
CACTCAGGAG	S20R-AGA-1
CAGCTTGTGC	S20R-AGA-1
CCAATTTAGG	N152T-ACC-1
CCATTTTGAA	T238K-AAG-1
CCTACCCGAA	M132T-ACC-1
CCTATTTATG	I168Y-TAC-1
CGTAAGGACC	I221R-AGA-1
CTTGGGTATA	A109G-GGC-1
GAGGTAAAGA	I165N-AAC-1
GTACTAGTAG	F219A-GCC-1
GTTCCCCGCG	Y322E-GAG-1
TACTATTAGA	F44Y-TAC-1
TATATAGGGA	D318T-ACC-1
TATTTCCACC	L250Y-TAC-1
TCTCAATAGG	A16V-GTG-1
TTGCTATGCA	L141N-AAC-1
TTTACAAGGC	L250S-AGC-1
CACACCTGTA	S20W-TGG-1
TCTGTATTGA	A16Y-TAC-1
TTCTTCTAAT	F219C-TGC-1
AGAGGATAAA	M95G-GGC-1
ATACTCTTAA	F310C-TGC-1
CAATACAACA	I221P-CCC-1
CAATGAATCT	V303Y-TAC-1
CTCTCAAAAA	S200R-AGA-1
CTCTGGGTAA	L28N-AAC-1
GTTACAGGCA	L320R-AGA-1
GTTCTCATCA	H242G-GGC-1
TACTATACGA	F317G-GGC-1
TAGTATATCA	L92Q-CAG-1
AACTTTCCAC	M226F-TTC-1
AGTTACTTCT	A311E-GAG-1
AAGACCACAA	L141R-AGA-1
CAGTCGCACC	V116F-TTC-1
GATTAAATTT	I168P-CCC-1
AATATATTTA	I221L-CTG-1
AGCTCCACTA	A163E-GAG-1
AGGTAAGTCT	L120R-AGA-1
CACAGGTTTA	I221R-AGA-1
CATCTATGTC	I168N-AAC-1
CCCACACCTA	F219S-AGC-1
CTACGGTTCG	A16D-GAC-1
GAAAGTCTGA	V299G-GGC-1
GAGATCGGGA	I228Q-CAG-1
GCACCCGAAG	A16D-GAC-1
GGCTAGTTAC	S200R-AGA-1
GTAAACATCC	N152D-GAC-1
TACTGCCTGA	W204Q-CAG-1
TCAATTAAGC	L320W-TGG-1
TCCGGACTAT	A51D-GAC-1
TCCTATTTAA	N12P-CCC-1
TCCTCGGGAA	K36M-ATG-1
TCTGGGAAAA	L89T-ACC-1
ATCGCAGCGG	K266L-CTG-1
ATGAAAGTAA	A16D-GAC-1
ATTCACTATA	I168S-AGC-1
GTAGAACATT	M95V-GTG-1
TAAATTCGAG	V196G-GGC-1
AAATGCGCTA	H242L-CTG-1
AACATTTTAC	L250Q-CAG-1
AACGAGGGCA	I228T-ACC-1
AACTTGATGT	H242D-GAC-1
AAGGGACAAA	L89V-GTG-1
AATTAGATAA	T84C-TGC-1
ACTGACGCCC	F219A-GCC-1
ATAAAAGTCA	L141T-ACC-1
ATCTATACCC	L141D-GAC-1
CTCCAACATA	S136D-GAC-1
CTCCGCATCA	M95E-GAG-1
GCAAAAAAGC	V116W-TGG-1
GGCCATGCCC	I221K-AAG-1
GTAAAGACCA	N12K-AAG-1
GTTACCATTT	T32A-GCC-1
GTTTTAACCT	H242P-CCC-1
TAAGGTCATA	L250Y-TAC-1
TCAACGCACT	A16W-TGG-1
TCCGTTCCTC	I165F-TTC-1
TGCCATGGTG	L141M-ATG-1
TGCGCAGGCA	A163K-AAG-1
ATTATGGTTC	I221H-CAC-1
CCTTAACACA	V105D-GAC-1
GTGTTAAGGC	V116L-CTG-1
TAGTATGGTA	K254R-AGA-1
TGTCCGCTAA	L250M-ATG-1
TTGAATGTCT	H242K-AAG-1
TTTCGCGGCA	L320T-ACC-1
AATAAAAGTG	F271H-CAC-1
ACATTGAGAA	K266C-TGC-1
AAAAGTTGTG	I221D-GAC-1
AACTTATAAC	T32N-AAC-1
AACTTTTCAG	T40Q-CAG-1
AATAGAAAAA	K254N-AAC-1
ACACTTAAAC	M132N-AAC-1
ACAGACATTC	F310D-GAC-1
ATGCAATCGT	I221R-AGA-1
ATTTATTATG	F219L-CTG-1
CATTTGAAAA	F271M-ATG-1
CCGTATGCTA	P258H-CAC-1
CTAATAGACT	S20C-TGC-1
CTTTTTACAT	A16H-CAC-1
GAATTACGCA	T238N-AAC-1
GACAATATCA	I221M-ATG-1
TACAGCGAGA	L175T-ACC-1
TACCCCGAAA	I221E-GAG-1
TAGTCTTATT	R246P-CCC-1
TATTGGCCTA	I168A-GCC-1
TCCGGAGGGG	L141K-AAG-1
TCGGATTTTA	A16I-ATC-1
TGCGCTCATT	V196Q-CAG-1
TGGTTGCCTA	A208T-ACC-1
TTACTGTTAC	T32W-TGG-1
TTACTTAAAG	I165S-AGC-1
TTCGGGTACA	V303E-GAG-1
TTCTGTCTAC	K68Q-CAG-1
TTGTGAAGAG	A311N-AAC-1
TTTGCGACCA	I168K-AAG-1
GTATGTGGAG	H242R-AGA-1
TGGAAAAAGG	K254N-AAC-1
TTACAGTGGT	L320T-ACC-1
TTCACACGCG	S20W-TGG-1
AATTGTTTTG	F192N-AAC-1
GGAAAAGCCT	L141Q-CAG-1
GGGTCGCTTA	M226I-ATC-1
TAAACGTCGC	T32N-AAC-1
AGAAATGGCT	I160R-AGA-1
AGCTTCTGGA	L141D-GAC-1
AGGTTACTGG	K266E-GAG-1
AGTCTGAAAT	F44W-TGG-1
ATCCCGCTAA	I221N-AAC-1
GTGAAAGCTT	T32H-CAC-1
GTGTGATGGC	V299D-GAC-1
TGAAGTCCTT	S200N-AAC-1
TGCGCAATCA	F44L-CTG-1
TTTACACTAC	I165N-AAC-1
AATGATTAGA	H242K-AAG-1
AGAGCAGCAA	A163D-GAC-1
AGGCCTTTCA	V116E-GAG-1
AGTATATACG	F44W-TGG-1
CAAACGCTAC	I160P-CCC-1
CAAGTATAAA	T42G-GGC-1
CCCTTTTCCA	R246G-GGC-1
CCTCTTAGGC	K68Y-TAC-1
CTATACACTA	S20C-TGC-1
GCCACGGTCA	T64C-TGC-1
GGTAACTATA	K266H-CAC-1
TACAACATAC	I168L-CTG-1
TATGACGTTA	V116H-CAC-1
TATTTTGCTA	F44R-AGA-1
TCCCTTATAA	A16R-AGA-1
TCTACGTCGA	F219V-GTG-1
TGCGTATTGC	T40A-GCC-1
TGCTTGAGTT	I24M-ATG-1
TTAAGCACTG	V303N-AAC-1
TTATGCACTG	I221N-AAC-1
TTCGCCCAAT	L262R-AGA-1
ATATTTAACG	I221M-ATG-1
CAAATTTGTG	R246S-AGC-1
CGCGATTGTA	K266L-CTG-1
CTAACATTGG	A16S-AGC-1
CTGAGCGAAA	F44S-AGC-1
GAACTGCAAC	A148Y-TAC-1
GAAGTGCTGA	Y108T-ACC-1
GCCAGTCTGC	L141R-AGA-1
GGAACACTAG	A16D-GAC-1
TAGGGTATAA	N152C-TGC-1
TGCGAATTAT	N53K-AAG-1
TTATGCCAGG	T32N-AAC-1
TTTCTTAACA	A163Y-TAC-1
TGGCTACTTA	K254W-TGG-1
TTGGTGAGTT	L250V-GTG-1
ACCTTAACTT	H242K-AAG-1
ACTTATTGAA	S200F-TTC-1
AGTTTGTGTA	K254H-CAC-1
CCAACCCCGC	F219G-GGC-1
CGTAAGGCTA	N4Y-TAC-1
CTAACACAAG	F44M-ATG-1
CTGAGTGCGG	H242G-GGC-1
GAGTATGACT	E156N-AAC-1
GCTGTATCAT	I228V-GTG-1
GGCTATAACA	L92Q-CAG-1
GTAACCGTTG	L141F-TTC-1
GTAAGTGTAC	V303S-AGC-1
TATGTTTTTA	N53H-CAC-1
TCACACACCA	F317S-AGC-1
CCTACTTCTA	W204C-TGC-1
AAAACTTAAG	L320D-GAC-1
AACATCAGCA	L141G-GGC-1
AAGAATTATA	V303W-TGG-1
ATGAACCAAG	D318S-AGC-1
CAGCATTAGT	V116Y-TAC-1
GCAAAAGAGT	L141E-GAG-1
GCAGGTGAGT	V303F-TTC-1
GTTGGTCTAA	A16H-CAC-1
TACACTGACA	F219G-GGC-1
TATTTAGCTA	T84S-AGC-1
TTGCGAGTCA	T32N-AAC-1
AACAAAAAGA	H242N-AAC-1
AACAGTCAGG	K266L-CTG-1
CCACAATGTA	S20T-ACC-1
GCAATGGTCA	N53I-ATC-1
GCCTTGAGAA	I165S-AGC-1
TCTTAACATA	F44E-GAG-1
TGGGTGTATA	T64M-ATG-1
TTCTACATTA	W204L-CTG-1
CAAAGCACAT	V299M-ATG-1
TCACCGGTAA	I228H-CAC-1
AACCACGCGC	M132Y-TAC-1
AATAGAATGC	Y322D-GAC-1
AGAAACTTGA	F44Y-TAC-1
AGATCGCTAA	L141V-GTG-1
AGCCCGATAA	H242Q-CAG-1
AGCTGGTCTG	F44V-GTG-1
AGTCAGTCAT	L250Q-CAG-1
CAGTCTCGGG	L262K-AAG-1
CCCAGGTTAT	I221F-TTC-1
CCTATAACTT	I221N-AAC-1
CGAGAGGCAA	R246Y-TAC-1
CGAGATGCTT	I221W-TGG-1
CGCTACAGAC	Q174W-TGG-1
CTCCCAGTCA	I228M-ATG-1
CTCTATGTCA	H242E-GAG-1
CTTAGCAGTA	R246Q-CAG-1
GAAATGTCAC	T32G-GGC-1
GACGCCCCAT	T32A-GCC-1
GAGTACACAC	K266L-CTG-1
GCATGTTTCA	F192K-AAG-1
GCTGATAAGC	L120W-TGG-1
GCTGTAGCGG	F317W-TGG-1
GGGAACGTGG	G188Q-CAG-1
GGTATAACCC	M95K-AAG-1
GTTTCAACCT	V116P-CCC-1
TAACGTACCT	M226H-CAC-1
TACAAACAAG	F271T-ACC-1
TCTTGATGTT	M132L-CTG-1
TGGACAGTTT	D318G-GGC-1
TGTGTCACGT	T238L-CTG-1
TTAATCTACA	I221S-AGC-1
TTACAATCTA	K254W-TGG-1
TTACGAAAAG	L141A-GCC-1
TTCCATTAGC	A148P-CCC-1
TTCGCGTAAA	L85M-ATG-1
TTTTACTCTA	V299H-CAC-1
TTTTGAAACA	L92Q-CAG-1
TTTTTTGACT	L141W-TGG-1
AGGGTGCCAG	A129Q-CAG-1
ACCAGCGCTA	N4M-ATG-1
AGCGCTGCAA	S200G-GGC-1
ATTATTGTCT	I221E-GAG-1
CATAACATTC	I168Q-CAG-1
CATATCGTCC	A51N-AAC-1
CGTAAAAAAA	F44W-TGG-1
CTAGCCGTGA	L250M-ATG-1
CTGGCTTTAA	D318S-AGC-1
GAAGTACGTA	I177F-TTC-1
GACTCCCAAC	K266S-AGC-1
GCAACGAGCC	L285V-GTG-1
GCCCATGAAA	I221V-GTG-1
GGCTCTATGA	L89N-AAC-1
GGTATGGGTC	L85F-TTC-1
GTTCGAAGTA	F44D-GAC-1
TATATCAAGG	A16R-AGA-1
TCAGCCTTAC	N53D-GAC-1
TCCGATTCAA	L28F-TTC-1
TCTCTGTTCA	G188W-TGG-1
TGCTTTAATC	F44Y-TAC-1
TGTAACAGGA	K232L-CTG-1
TTAATAGAAT	I221F-TTC-1
TTCTAACCAT	I165P-CCC-1
CATACTGATA	L250V-GTG-1
AAACGGTAGG	A16V-GTG-1
AAATTTATGC	S20C-TGC-1
ACATACATAA	H242V-GTG-1
AGACTTCGAA	S49W-TGG-1
AGGTTTTTGA	T64I-ATC-1
ATACAATACA	M132W-TGG-1
ATCAGTTTGA	V303E-GAG-1
CGTTACCTAA	F317Y-TAC-1
CTACAATAAA	A51L-CTG-1
CTCGTCCTTA	T238K-AAG-1
GATCCGATTA	V303K-AAG-1
GGCATTCTGA	N53H-CAC-1
GGTATTAAAC	A208T-ACC-1
TCTAAAGAGG	G188W-TGG-1
TGCCGTTCTA	K68V-GTG-1
TGTAACAACA	I168Y-TAC-1
AAATGCATAA	K266Y-TAC-1
AATGCAGTAG	F317E-GAG-1
CATTTAATTC	S20C-TGC-1
CCGACTACTG	S20H-CAC-1
CTTCGTCTTG	H242Y-TAC-1
GAGCGCAACG	V116A-GCC-1
GGCCTTGCCC	L137Y-TAC-1
GGTAAATTAG	T32S-AGC-1
TAGTGGGGTT	K254L-CTG-1
TGACTGTTAT	L141Y-TAC-1
TTCTCCTGCA	K266C-TGC-1
TAAGAACTAA	P258D-GAC-1
AAGATCACAG	A16L-CTG-1
AGATGGGTGC	I221E-GAG-1
AGGCGTTAAC	I168H-CAC-1
CCGCTACTAG	I24A-GCC-1
CGAGAACTTA	A129G-GGC-1
GATAAGCCTC	I221V-GTG-1
GGTCCAAGAC	A148I-ATC-1
TAACTCCGAG	W204V-GTG-1
TCGCGGAACT	T64I-ATC-1
TGCATGTAAG	L92T-ACC-1
ATCCCAAAGA	K266N-AAC-1
ATTTTCGCAA	F219A-GCC-1
TTACGAGTAC	I165M-ATG-1
GATGCCAGTC	I168H-CAC-1
ATAAAACTTT	I160H-CAC-1
TCACGTCAGC	D98T-ACC-1
AAAAACACTA	T84S-AGC-1
AAACATTGTC	E156S-AGC-1
AAACCCGATA	I168H-CAC-1
AAATGCGGCG	L92S-AGC-1
AACATTTGTC	L320A-GCC-1
AATTTGCGCG	L320I-ATC-1
ACATAGAAGG	I228C-TGC-1
ACATATGTGA	K266M-ATG-1
ACATGAAGGA	M95L-CTG-1
ACCATCGGAA	T64Q-CAG-1
ACCCATGCTC	S20T-ACC-1
ACGTGTCGTA	L320K-AAG-1
ACTACCTTGC	K266I-ATC-1
ACTGAGAGCT	H242D-GAC-1
ACTTATAACT	E156R-AGA-1
AGATCCATTT	T32V-GTG-1
AGATCGATTA	L92H-CAC-1
AGCCAGTGCC	A148N-AAC-1
AGCTAGTAAA	F219E-GAG-1
AGTAGCCTAC	F317T-ACC-1
ATAAAAGATC	M132L-CTG-1
ATAAGATACA	T40R-AGA-1
ATAAGGAGTC	K254G-GGC-1
ATACCACACT	H242N-AAC-1
ATAGATCCTA	V116R-AGA-1
ATCCAAGCAA	A148M-ATG-1
ATCCCGCTAT	A148K-AAG-1
ATCGCCGACA	L85W-TGG-1
ATGTTCGTAG	T42F-TTC-1
ATGTTGACAC	I221L-CTG-1
ATTAAGGTTA	I221F-TTC-1
ATTAGCGGTG	L141G-GGC-1
CAAATCGCAG	L141P-CCC-1
CAACCTATCA	F44T-ACC-1
CAATGTTACT	S49G-GGC-1
CACACTCAAT	L250D-GAC-1
CAGGTAACTC	M95G-GGC-1
CATATACGAT	A16T-ACC-1
CCATTCATAC	L250A-GCC-1
CCCGAACGTT	N12L-CTG-1
CCGCCAGTAG	I228M-ATG-1
CCTCAACTGA	F219D-GAC-1
CGGATTCAAG	T32Y-TAC-1
CGTAACCGTT	I221G-GGC-1
CTCAACGATA	I221S-AGC-1
CTGAAAAGCA	L250V-GTG-1
CTGAAGCCCC	L141K-AAG-1
CTGTCTTCCC	L262D-GAC-1
CTGTTTCGCC	L320K-AAG-1
CTTATAGTAA	S49P-CCC-1
GAAATTGTCA	Q106L-CTG-1
GAATGCTAGG	L141I-ATC-1
GACTAATAGT	I221R-AGA-1
GAGAATTAAA	L92Q-CAG-1
GAGGAATTAA	L262I-ATC-1
GCAGTGCTGA	I165K-AAG-1
GCCATCGCTA	F317A-GCC-1
GCGATTTTGA	S49K-AAG-1
GCTATGACCC	I168Y-TAC-1
GCTCAACGCG	T32S-AGC-1
GCTCTGAAAT	W204I-ATC-1
GCTTGGATAC	R246P-CCC-1
GGAAAGTAAA	V196A-GCC-1
GGAATATTTA	A16D-GAC-1
GGCGTAATTA	D318L-CTG-1
GGTTGTAACG	W204R-AGA-1
GTAACCGCAC	T42G-GGC-1
GTAAGATTAA	F44V-GTG-1
GTATTCAAAA	H242R-AGA-1
GTCCTGAACA	I221M-ATG-1
GTGCCTGTTA	K36S-AGC-1
GTGCTTATCT	R246V-GTG-1
GTGGTCGATA	L141M-ATG-1
GTTATACTAT	I24R-AGA-1
GTTGTGAAGA	A148G-GGC-1
TAAACCCACT	Y322Q-CAG-1
TAAAGCCCTC	S20G-GGC-1
TAAAGGTGCA	S20G-GGC-1
TAAATCGACA	T42P-CCC-1
TAACGTCCCC	A148D-GAC-1
TAATATACAA	T42A-GCC-1
TAATATTGTA	I221V-GTG-1
TACAGAGTCC	F317Y-TAC-1
TAGAATCCCC	M95W-TGG-1
TCACATATAG	S200G-GGC-1
TCGAAGCTCG	L320H-CAC-1
TCTGGGCCAA	L141G-GGC-1
TGAAACGTTC	L141T-ACC-1
TGATGATGCA	S136G-GGC-1
TGCGATTATA	I177R-AGA-1
TGCGCAAAGC	T42P-CCC-1
TGCGCACATT	T42P-CCC-1
TGCTCCACTA	L141Q-CAG-1
TGCTCCGAGA	F44E-GAG-1
TGGGATGCTA	L320D-GAC-1
TGTGTAACGA	I168T-ACC-1
TTAACCGAAA	L28R-AGA-1
TTAGCACCGC	F192G-GGC-1
TTCATAGACC	L141H-CAC-1
TTCTGCTCTA	A148H-CAC-1
TTGGAACAAC	L141A-GCC-1
TTGTAGTCAA	N152G-GGC-1
TTTAACCGAG	K266V-GTG-1
TTTAGTATTA	T32D-GAC-1
TTTAGTCCAG	H242T-ACC-1
TTTGGAACGC	T238P-CCC-1
TTTTAAAAAA	F44E-GAG-1
TTTTAGCCCC	L141P-CCC-1
TTTTGTGTCT	L262H-CAC-1
